name,lastName,dateBirth,numero,tipo,operadora,provincia,canton,callePrincipal
Rozanna,Skillman,2014-03-17,202-309-0217,1,2,Washington,District of Columbia,4 East Center
Emmit,Itscowics,1985-03-21,561-837-6745,2,4,West Palm Beach,Florida,965 Atwood Junction
Reggi,Fessions,2011-09-03,770-654-0344,1,3,Atlanta,Georgia,467 Melrose Terrace
Evy,Tyas,1999-10-22,770-708-6843,2,3,Norcross,Georgia,546 Melby Road
Bink,Pedrazzi,1980-01-25,210-855-0273,2,4,San Antonio,Texas,4 Butterfield Hill
Jillayne,Baldi,2015-11-16,972-582-1096,1,2,Dallas,Texas,2804 Eastwood Junction
Arly,Crouse,1998-01-27,614-983-9115,2,1,Columbus,Ohio,6 Scott Trail
Manolo,MacCracken,1953-09-12,202-705-9270,1,4,Washington,District of Columbia,5 Holmberg Point
Skyler,Purkins,1997-10-08,559-718-8357,1,3,Fullerton,California,05934 Grayhawk Street
Milissent,Zukerman,1964-07-29,605-937-4766,2,1,Sioux Falls,South Dakota,44 Pankratz Lane
Betti,Kinsell,1978-11-26,916-967-7915,1,2,Sacramento,California,26765 Garrison Trail
Alina,Hessay,1971-08-01,330-857-7234,1,1,Akron,Ohio,2 Meadow Ridge Hill
Price,Djordjevic,1977-04-26,915-901-1977,1,2,El Paso,Texas,738 Carberry Point
Corinna,Kinze,1997-10-30,505-256-9160,1,2,Albuquerque,New Mexico,90 Park Meadow Trail
Shaylyn,Piens,2001-01-06,915-867-0200,2,2,El Paso,Texas,6 Riverside Lane
Hermann,Mayling,1953-10-01,702-641-1638,2,1,Las Vegas,Nevada,57 Montana Terrace
Redford,Blacker,1960-01-04,203-495-5549,2,1,New Haven,Connecticut,35352 Grasskamp Trail
Sebastian,Bell,1952-04-29,612-973-7759,1,3,Minneapolis,Minnesota,691 Di Loreto Circle
Louella,Durnall,1984-02-04,405-623-7692,1,1,Oklahoma City,Oklahoma,4 Northland Junction
Britteny,Clarricoates,1950-08-02,352-454-6258,2,3,Gainesville,Florida,63400 Arapahoe Drive
Mose,Honeyghan,1953-05-10,281-396-2842,2,4,Pasadena,Texas,55634 Melvin Road
Tomas,Scrowston,1974-01-28,410-330-5751,2,4,Silver Spring,Maryland,83 Farragut Street
Bearnard,Merrywether,1982-11-02,402-645-6328,1,2,Lincoln,Nebraska,78817 Pawling Place
Olag,Claybourne,1960-10-23,330-851-2107,1,1,Canton,Ohio,0 Mariners Cove Hill
Davide,Juara,1974-03-27,501-190-3245,2,3,Hot Springs National Park,Arkansas,62 Meadow Valley Parkway
Mady,Giercke,1995-10-10,404-215-1432,1,2,Decatur,Georgia,8 Eliot Street
Brendon,Sexton,1984-07-20,303-416-6402,2,1,Denver,Colorado,7 Holy Cross Pass
Kerwinn,Byatt,1999-03-30,504-672-5245,1,2,Metairie,Louisiana,1 Hallows Street
Dierdre,Lamshead,1967-09-08,850-568-6287,2,1,Pensacola,Florida,0133 North Plaza
Byrom,Rubert,1964-09-24,850-496-0110,2,2,Pinellas Park,Florida,0854 Schlimgen Street
Letti,Colt,1989-09-30,309-861-2380,1,3,Peoria,Illinois,8 Novick Road
Marillin,Cole,1997-02-28,352-836-8602,1,4,Ocala,Florida,83393 Brown Place
Fanechka,Vlahos,2019-05-07,405-454-4735,2,1,Oklahoma City,Oklahoma,2622 Oxford Alley
Alfredo,Wybourne,1995-09-26,409-749-2635,2,3,Beaumont,Texas,1744 Ramsey Street
Sherm,Plues,2011-07-03,504-238-6338,1,4,New Orleans,Louisiana,134 Haas Junction
Farrell,Kingsland,2016-04-27,720-252-8061,1,4,Denver,Colorado,5656 Clyde Gallagher Parkway
Berke,Botterill,1987-01-31,318-412-5759,1,2,Shreveport,Louisiana,81 Sunfield Crossing
Nichole,Tipton,2017-06-16,913-644-7122,1,2,Shawnee Mission,Kansas,1 Heffernan Hill
Ramon,McCritichie,2009-08-09,806-358-1156,2,4,Lubbock,Texas,9 Kim Drive
Rawley,Such,2004-10-06,916-989-9775,1,2,Sacramento,California,4599 Dennis Hill
Sandye,Connah,1995-06-22,515-105-0951,2,3,Des Moines,Iowa,0 Lien Road
Maisie,Remirez,1960-09-23,707-714-9436,1,4,Petaluma,California,576 Cody Circle
Nikos,Facher,1991-02-20,619-429-4661,1,1,San Diego,California,478 Hayes Trail
Teriann,Doorey,1955-07-13,561-709-0349,2,4,Boynton Beach,Florida,7596 Debra Lane
Chandler,Edwicker,2009-06-04,916-658-4878,1,1,Sacramento,California,333 Northwestern Point
Bronson,Brickdale,2014-11-27,863-565-9220,2,4,Lakeland,Florida,5 Warner Circle
Ursala,Lydon,1989-04-11,775-197-2987,1,3,Carson City,Nevada,30187 Waywood Pass
Doug,Yablsley,1952-08-18,989-594-2171,2,2,Saginaw,Michigan,9366 Pankratz Court
Alia,McKnish,2013-06-20,402-424-2723,1,3,Omaha,Nebraska,8155 Dayton Terrace
Tiler,Maccraw,1978-01-13,757-555-5513,2,1,Hampton,Virginia,438 Harbort Circle
Aylmer,Girardeau,1960-09-11,862-885-3335,1,2,Newark,New Jersey,32 Hoepker Place
Halimeda,Preto,1984-07-03,610-824-6346,2,3,Reading,Pennsylvania,0 Grayhawk Terrace
Erinn,Jadczak,2004-06-12,941-639-7275,2,3,Bradenton,Florida,640 Rigney Way
Tonia,Sweetland,1987-11-15,330-575-3165,2,3,Akron,Ohio,5 High Crossing Lane
Silvain,McAnellye,1981-10-31,310-682-5397,1,4,Torrance,California,24 Express Terrace
Paloma,Moukes,1955-01-08,305-464-2199,2,4,Naples,Florida,596 Farmco Avenue
Othilie,Walch,1954-12-05,281-363-8436,2,4,Houston,Texas,5 Harper Lane
Chelsea,Abden,2020-12-03,651-764-0840,2,4,Minneapolis,Minnesota,6 Oxford Hill
Rory,Samuels,1950-01-27,314-366-9454,1,4,Saint Louis,Missouri,914 Bultman Point
Lorianna,Foskin,1951-01-07,704-864-5811,1,4,Charlotte,North Carolina,237 Elgar Pass
Sayers,Boig,2008-12-01,989-343-9575,1,4,Saginaw,Michigan,155 Debs Circle
Madeline,Cavaney,2003-01-27,239-953-6646,2,3,Fort Myers,Florida,7 David Plaza
Robinson,Rowlin,1999-10-14,206-568-6029,1,4,Seattle,Washington,61 Bowman Street
Charmain,Wildin,1956-12-17,203-248-4878,1,1,Stamford,Connecticut,396 Karstens Junction
Rebbecca,Mosley,2021-06-03,415-644-3166,2,2,San Francisco,California,64 Hazelcrest Hill
Alvis,McMorran,2000-06-19,212-802-8733,2,1,New York City,New York,0235 Bartelt Drive
Roth,Mullineux,2012-07-26,503-501-4561,1,2,Beaverton,Oregon,46314 Browning Street
Gabrielle,Bodemeaid,2010-07-21,818-614-3632,1,4,Los Angeles,California,6 Elka Court
Juliann,Cawdell,1953-07-26,313-421-1478,2,3,Detroit,Michigan,50227 Packers Center
Pooh,Stener,2011-04-14,404-703-0073,2,1,Atlanta,Georgia,023 Green Ridge Place
Jodee,Feldklein,1994-02-10,240-128-7884,1,1,Frederick,Maryland,03845 Porter Trail
Odell,Cheson,2012-07-16,703-383-7880,2,4,Alexandria,Virginia,70990 Fieldstone Hill
Timothea,Lebreton,2013-06-24,217-208-1898,1,1,Springfield,Illinois,6 Bluejay Lane
Dickie,Annatt,1980-08-26,503-738-5497,1,2,Portland,Oregon,110 Brentwood Road
Carly,Brazel,1951-12-22,816-948-9952,2,3,Kansas City,Missouri,583 Rutledge Street
Selina,Haugeh,1999-07-06,410-711-0062,1,2,Baltimore,Maryland,4623 Prairieview Trail
Sari,Hummerston,2001-11-11,314-315-4359,1,4,Saint Louis,Missouri,57854 Jackson Street
Orville,Dunkirk,1953-04-30,919-389-6541,1,1,Raleigh,North Carolina,80 Maple Circle
Lombard,Olivelli,1995-06-04,256-275-7728,2,2,Huntsville,Alabama,27509 Southridge Junction
Marcelle,Babonau,1959-07-06,717-914-9628,1,1,Harrisburg,Pennsylvania,2680 Bultman Point
Adaline,Edelmann,1986-07-18,330-458-1535,1,2,Canton,Ohio,52 Westport Terrace
Emery,MacGow,1993-07-02,859-972-4353,2,4,Lexington,Kentucky,8924 Sauthoff Place
Kaylyn,Hazeldean,1959-09-09,978-208-2892,1,2,Boston,Massachusetts,9 Montana Junction
Hettie,Caspell,1974-12-24,412-204-1920,2,3,Pittsburgh,Pennsylvania,018 Village Green Place
Cordelia,Sleeman,2001-10-14,210-616-8247,2,2,San Antonio,Texas,03353 Brown Park
Jamil,Alesio,2005-12-23,860-573-3701,2,1,Hartford,Connecticut,44335 Ohio Point
Lanette,Silby,1981-12-23,253-958-4060,2,3,Tacoma,Washington,626 Donald Parkway
Adelice,Witch,1955-01-19,202-424-9956,1,4,Washington,District of Columbia,769 Hagan Street
Marylou,St. Pierre,2014-12-04,713-106-5124,1,3,Houston,Texas,586 Summerview Hill
Editha,Malan,2021-12-21,952-752-7345,1,3,Young America,Minnesota,9 Old Shore Hill
Shell,D'Aulby,1951-09-11,361-265-5450,2,2,Corpus Christi,Texas,8291 Canary Lane
Brandon,O'Hara,2002-10-15,973-164-0175,2,4,Jersey City,New Jersey,5811 Meadow Ridge Junction
Julius,Qusklay,1996-03-14,412-667-0759,2,4,Pittsburgh,Pennsylvania,154 Redwing Park
Frazier,MacTrustam,2012-11-19,314-840-5266,1,2,Saint Louis,Missouri,22704 7th Hill
Gloria,McIlvoray,2011-09-17,615-228-1154,1,4,Memphis,Tennessee,63722 Corscot Center
Myca,Brockington,2019-04-23,415-479-8282,1,1,San Francisco,California,0 Claremont Junction
Lolita,Paulsen,1979-08-01,609-223-4279,2,2,Trenton,New Jersey,562 Declaration Circle
Lucinda,Franceschielli,1962-04-20,775-875-1232,2,2,Sparks,Nevada,79092 Vernon Trail
Leighton,Turle,2023-01-28,352-688-4055,2,4,Gainesville,Florida,14 Kim Parkway
Gerrie,O'Loinn,1989-10-14,408-380-2304,1,4,San Jose,California,36 International Alley
Ainslee,Dell'Abbate,1995-07-31,216-804-1198,2,2,Cleveland,Ohio,78 Duke Hill
Fidelio,Scarce,2003-09-17,336-309-8451,1,4,Winston Salem,North Carolina,53 Merrick Avenue
Gretal,Rodda,1950-11-27,713-421-2181,2,1,Spring,Texas,5140 Knutson Trail
Zeke,Bradder,2016-12-17,512-629-7678,1,4,Austin,Texas,027 Armistice Circle
Shaw,Purshouse,1990-06-02,215-876-9753,2,1,Philadelphia,Pennsylvania,14 Kennedy Lane
Lorianne,Barajaz,1994-09-11,718-370-7361,1,3,Bronx,New York,97 Redwing Lane
Flin,Craydon,1964-03-04,727-837-8902,2,3,Clearwater,Florida,008 Village Crossing
Linda,Gazey,1969-11-25,312-430-1893,1,4,Chicago,Illinois,1209 Kennedy Place
Chloette,Verdie,1989-09-01,727-422-1500,2,3,Saint Petersburg,Florida,30 Badeau Lane
Nicoline,Ewings,2002-06-05,612-677-0208,1,1,Minneapolis,Minnesota,359 Arapahoe Junction
Donna,Farbrother,2014-02-10,208-724-9723,2,3,Idaho Falls,Idaho,1 Ruskin Drive
Conchita,Kennford,2005-02-18,954-906-6551,1,1,West Palm Beach,Florida,07 Goodland Plaza
Timotheus,Van der Velden,1985-04-16,615-209-8323,1,1,Nashville,Tennessee,560 Banding Avenue
Karel,Boodle,1992-10-22,304-679-1006,2,4,Huntington,West Virginia,0 Holy Cross Crossing
Georgine,Warrington,2002-11-17,830-876-2744,2,4,San Antonio,Texas,5938 Sommers Street
Waldo,Friberg,1961-03-08,914-325-9328,2,1,White Plains,New York,783 Vidon Court
Octavia,Gonning,1967-12-11,615-101-1429,1,2,Nashville,Tennessee,2 Bunting Street
Rochell,O'Loughlin,1989-04-18,859-167-7760,2,4,Lexington,Kentucky,74121 Dorton Road
Ermengarde,Arnhold,1999-07-23,515-400-7427,2,4,Des Moines,Iowa,09029 Shopko Drive
Jodee,Gales,2019-04-07,208-894-5909,1,3,Boise,Idaho,6 Sachtjen Junction
Madlen,Clee,1993-04-28,972-710-5093,1,1,Dallas,Texas,5808 Ridgeway Point
Ulises,Likly,2005-12-02,810-981-3160,1,3,Flint,Michigan,1 Surrey Junction
Mannie,Nawton,1981-12-12,757-742-4645,1,4,Chesapeake,Virginia,70297 8th Terrace
Tine,Birtwistle,1968-06-30,915-795-5997,1,4,El Paso,Texas,1 Hudson Place
Chance,Durbyn,1985-10-19,314-220-3259,1,3,Saint Louis,Missouri,30 Nevada Circle
Abbi,Amdohr,2011-03-07,313-815-1271,1,3,Detroit,Michigan,5 Harper Crossing
Nola,Deeth,2022-07-30,504-841-2592,2,4,Metairie,Louisiana,05 Carpenter Plaza
Boone,Ffoulkes,1979-04-25,216-675-4003,1,2,Cleveland,Ohio,17937 Warbler Drive
Ave,Crush,1979-06-18,626-238-5092,2,1,Whittier,California,974 Pawling Drive
Tessi,Cammoile,1978-08-06,202-218-3732,2,3,Washington,District of Columbia,0 Prairieview Court
Doll,Hassent,1969-09-17,347-352-5408,1,1,Brooklyn,New York,2 Drewry Circle
Micky,Chessel,1987-09-28,480-732-1123,2,2,Tempe,Arizona,49513 East Hill
Sheela,Dyball,1989-03-20,626-812-7292,2,1,Pasadena,California,11306 Monterey Center
Gypsy,McFadzean,1987-02-05,651-868-9128,2,4,Saint Paul,Minnesota,0 Autumn Leaf Way
Maddalena,Peter,1980-06-16,915-642-3363,2,4,El Paso,Texas,0740 Pierstorff Point
Holly-anne,Schulkins,1961-05-10,520-134-6144,2,3,Tucson,Arizona,1828 Kedzie Way
Belvia,Witty,1970-06-22,360-797-4977,1,3,Vancouver,Washington,002 Charing Cross Terrace
Alex,Blewmen,1974-10-07,614-802-2648,2,4,Columbus,Ohio,08291 Nova Lane
August,Billanie,1970-09-07,510-649-6372,2,2,Berkeley,California,69 Rowland Center
Loutitia,Osan,1955-05-04,513-427-3436,1,1,Cincinnati,Ohio,076 David Plaza
Leigha,Winterson,2005-08-16,503-932-8890,2,1,Portland,Oregon,1144 Schmedeman Court
Ernest,Ullett,1950-10-27,937-966-8728,1,4,Dayton,Ohio,4 Parkside Parkway
Blinni,Leyden,2012-10-20,504-188-6804,2,2,Metairie,Louisiana,3 Ruskin Avenue
Karee,Tuttle,2003-12-24,512-929-6893,2,1,Austin,Texas,1918 Wayridge Crossing
Justinn,Jaffrey,2001-12-24,954-500-1629,1,1,West Palm Beach,Florida,7974 Schurz Pass
Grace,Cuttelar,2011-12-31,303-430-7583,1,4,Denver,Colorado,53 Oriole Trail
Griz,Pilmoor,2006-09-28,505-707-5091,1,4,Albuquerque,New Mexico,356 Shopko Park
Antonietta,Eisig,1976-01-27,405-205-7071,1,1,Oklahoma City,Oklahoma,373 Mccormick Crossing
Egor,Frankiewicz,2006-07-24,304-535-2013,1,3,Charleston,West Virginia,85 Melody Way
Nadya,Brezlaw,2004-07-06,215-116-7413,2,3,Philadelphia,Pennsylvania,8 High Crossing Center
Martino,Tupling,1964-08-13,763-384-6078,1,1,Minneapolis,Minnesota,2997 Pennsylvania Circle
Chevalier,Yegoshin,1997-05-17,503-884-8433,1,2,Portland,Oregon,56317 Blackbird Parkway
Bari,Boxill,2007-04-29,228-272-7927,2,1,Biloxi,Mississippi,2413 Declaration Terrace
Jerome,Dowbiggin,1955-10-27,754-423-6534,2,4,Fort Lauderdale,Florida,31 Hoffman Hill
Aggie,Benaine,1951-06-29,571-563-8042,2,3,Vienna,Virginia,97043 Blue Bill Park Trail
Dareen,Ovey,1981-04-30,623-448-9799,1,3,Peoria,Arizona,3 Saint Paul Place
Eal,Razzell,2023-07-12,512-191-8034,2,1,Austin,Texas,79060 Crownhardt Center
Zulema,Persich,1993-03-05,937-898-5972,2,1,Springfield,Ohio,3116 Trailsway Hill
Hyatt,Mosedill,1991-06-08,310-940-6904,2,1,Inglewood,California,119 Mcbride Crossing
Mendie,Cherryman,1992-09-14,336-196-6331,1,4,Greensboro,North Carolina,573 Mitchell Point
Nels,Ebbetts,1961-02-25,318-440-1869,2,4,Alexandria,Louisiana,0843 Blue Bill Park Lane
Farand,Bertie,2008-10-16,316-208-9034,1,2,Wichita,Kansas,8050 Randy Way
Marcile,Dod,1992-05-24,253-426-0188,2,2,Tacoma,Washington,27 Caliangt Parkway
Aindrea,Stedmond,2007-02-10,206-845-1104,2,2,Seattle,Washington,228 Esch Trail
Barty,Pepper,1951-03-24,212-294-1233,2,2,Brooklyn,New York,79 Welch Street
Sapphira,Beste,1963-12-17,408-615-1639,1,1,San Jose,California,361 Hallows Parkway
Erma,Franzoli,2006-08-26,609-383-7177,1,2,Trenton,New Jersey,2812 Moland Parkway
Eziechiele,Crafts,2018-07-08,813-213-1599,1,3,Zephyrhills,Florida,905 Dottie Avenue
Sari,Haysey,1975-04-15,757-632-2400,2,1,Norfolk,Virginia,86370 Mendota Lane
Monroe,Gretham,1981-09-01,970-271-3204,1,3,Grand Junction,Colorado,6 Farwell Center
Rora,Riddall,2014-01-19,513-441-4289,2,2,Cincinnati,Ohio,515 Talisman Crossing
Padraig,Barnsdall,1960-12-11,205-738-7664,1,3,Birmingham,Alabama,1 Eggendart Way
Sadie,Desantis,2007-02-16,318-241-4691,1,1,Boston,Massachusetts,1 Ruskin Trail
Osbourn,Ravenscraft,2004-02-15,813-784-1537,1,4,Zephyrhills,Florida,07931 Twin Pines Circle
Cathi,Allinson,1952-02-09,614-708-6016,1,4,Columbus,Ohio,3 Northland Plaza
Walsh,Radsdale,1988-12-06,502-170-3029,1,2,Louisville,Kentucky,52066 Maple Wood Plaza
Lorelle,Labrow,1972-01-20,407-145-5717,2,3,Orlando,Florida,949 Jana Parkway
Gill,Digman,1989-01-19,414-509-7810,2,4,Milwaukee,Wisconsin,9 Pepper Wood Alley
Jonathan,Tinniswood,1968-10-15,518-875-4457,2,4,Schenectady,New York,7 Fulton Hill
Alexander,Snoad,2003-12-30,626-764-9246,2,1,Pasadena,California,29755 Golf Course Drive
Jordana,Kytter,1966-01-23,209-591-8271,2,3,Fresno,California,9 Brickson Park Alley
Juditha,Winscomb,1994-08-25,405-465-5476,2,4,Oklahoma City,Oklahoma,9155 Redwing Terrace
Egon,Schusterl,1957-11-01,205-615-7830,1,2,Birmingham,Alabama,556 Anzinger Crossing
Basil,Fenn,1955-12-15,402-790-6040,1,4,Omaha,Nebraska,68 Garrison Parkway
North,Mustarde,1983-05-01,903-221-4181,2,4,Tyler,Texas,52059 Sugar Junction
Saundra,Giveen,1995-08-21,757-129-0298,2,4,Newport News,Virginia,7 Old Gate Street
Marthena,Espinos,1997-10-06,305-894-3324,2,2,Miami,Florida,6544 Eastlawn Parkway
Eolanda,MacDowall,2011-03-31,915-944-7074,2,4,El Paso,Texas,6749 Beilfuss Drive
Meagan,Dowderswell,2002-01-24,850-694-2496,2,1,Tallahassee,Florida,8068 Carey Center
Kalie,Melmore,1999-06-13,508-253-6724,2,1,Worcester,Massachusetts,4 Continental Trail
Alayne,Carnelley,1959-07-13,727-163-6319,1,3,Saint Petersburg,Florida,95 Lawn Parkway
Albina,Bish,1990-07-23,305-917-2394,1,4,Miami Beach,Florida,98 Sunnyside Street
Morten,Balducci,1971-01-28,806-642-5597,1,3,Amarillo,Texas,4968 North Avenue
Cathe,Habert,1985-08-22,717-148-0404,1,3,Harrisburg,Pennsylvania,40 Buhler Plaza
Jolene,Draycott,1991-07-09,434-644-2965,2,4,Lynchburg,Virginia,958 Duke Circle
Lawton,Witton,1997-07-22,816-530-9402,2,2,Lees Summit,Missouri,0579 Stoughton Plaza
Mohandas,Tamburi,1972-08-24,904-169-2375,1,4,Jacksonville,Florida,44771 Acker Trail
Jaymie,Joanic,1959-08-02,915-147-4257,1,4,El Paso,Texas,2 Nova Place
Shellysheldon,Athow,1953-02-01,619-657-3156,2,1,San Diego,California,00 Badeau Terrace
Anestassia,Bilbrooke,1983-06-30,716-202-4780,1,3,Buffalo,New York,4836 Hanover Parkway
Zared,Espino,1977-06-07,217-372-8121,2,1,Springfield,Illinois,5466 Gerald Circle
Silvan,Sullens,2017-11-21,216-644-4763,2,4,Cleveland,Ohio,34 Derek Park
Gardy,Heading,1963-09-24,909-518-7037,1,1,San Bernardino,California,0661 Corry Plaza
Malorie,Trinder,2006-06-25,312-109-3562,1,4,Aurora,Illinois,8382 Sommers Trail
Kin,McNulty,1959-10-10,808-386-2790,1,3,Honolulu,Hawaii,6410 Schmedeman Center
Arda,Garry,1967-08-29,561-349-7958,1,1,Delray Beach,Florida,523 Shopko Junction
Nobe,Wescott,1956-09-07,772-771-6268,2,3,West Palm Beach,Florida,844 Brickson Park Avenue
Zea,Pennrington,1957-07-16,352-511-3808,2,3,Gainesville,Florida,6879 Bunting Hill
Reuben,Gluyas,1957-10-23,312-729-0733,1,2,Chicago,Illinois,77737 Ridge Oak Circle
Julieta,Needs,1962-04-07,213-202-9383,2,2,Los Angeles,California,5243 Morning Court
Karilynn,Lyven,1974-11-07,209-580-9590,1,4,Stockton,California,00701 Hagan Road
Gordie,Wilkinson,2010-08-16,727-157-7296,2,2,Clearwater,Florida,14 Kensington Hill
Birk,Peatheyjohns,1979-10-17,254-792-8869,2,2,Killeen,Texas,386 Gulseth Terrace
Clifford,Alexsandrev,2016-05-20,956-961-1993,2,4,Laredo,Texas,9 Holmberg Parkway
Samara,Petyanin,2003-01-08,323-717-1042,2,2,Los Angeles,California,834 Graceland Place
Gretchen,Billany,1995-08-06,904-977-5603,2,3,Jacksonville,Florida,60 Glendale Avenue
Rossie,Withinshaw,2007-05-12,941-177-4735,2,3,Sarasota,Florida,95261 Kropf Park
Wiley,Croxley,2020-05-21,626-766-8580,1,3,Pasadena,California,601 Pearson Plaza
Manda,Boken,1952-01-11,260-579-1385,1,3,Fort Wayne,Indiana,70 Nobel Street
Joshua,Cranston,2012-08-25,336-790-9141,2,1,Greensboro,North Carolina,0881 Northport Alley
Lyn,deKnevet,1975-02-08,254-192-2393,2,2,Gatesville,Texas,03 Manitowish Parkway
Dasha,Mangon,1991-06-12,386-480-0834,1,4,Daytona Beach,Florida,94 Superior Crossing
Aliza,Duckels,1972-11-04,208-964-0760,2,1,Boise,Idaho,7 Morrow Avenue
Audrie,Cuffe,1952-10-30,414-287-3808,2,4,Milwaukee,Wisconsin,5086 Badeau Circle
Marta,Blannin,1962-05-17,626-875-3284,2,2,Los Angeles,California,1928 Bartillon Terrace
Shirleen,Rowan,1994-10-29,413-444-8086,2,3,Springfield,Massachusetts,9 Bartelt Road
Kerrin,MacCrann,1993-03-14,808-999-1455,1,3,Honolulu,Hawaii,3 Stoughton Alley
Humfried,Hebson,1980-03-04,559-829-3965,1,4,Fresno,California,4522 Jay Avenue
Brok,Heasley,2003-09-11,916-374-3755,2,1,Sacramento,California,241 Ludington Center
Artus,Priden,1974-09-01,330-787-4303,1,4,Canton,Ohio,9 Old Shore Plaza
Devy,Crilley,2023-07-17,253-117-7121,2,4,Tacoma,Washington,1316 Hintze Court
Edvard,Graveney,1975-10-13,323-238-2082,2,3,North Hollywood,California,4069 Ridgeway Street
Antone,Karlicek,1996-04-14,904-280-9622,2,4,Saint Augustine,Florida,5 Bluestem Alley
Kristyn,Widdup,1979-02-19,312-550-7742,2,1,Chicago,Illinois,38180 Waubesa Road
Chiquita,Stayte,1959-10-21,216-717-7562,2,1,Cleveland,Ohio,514 Cordelia Way
Odele,Hearnes,1976-05-08,919-322-6104,2,4,Raleigh,North Carolina,2 Luster Terrace
Montague,Jako,1953-01-18,904-310-8322,2,2,Jacksonville,Florida,73 Melby Road
Sallyann,Poulsom,2001-09-07,662-417-9648,2,4,Columbus,Mississippi,66 Mandrake Junction
Sterling,Elward,2011-04-09,936-941-2496,2,2,Huntsville,Texas,71 Warner Court
Nil,Dumberrill,2007-11-26,815-412-8334,2,4,Rockford,Illinois,649 Northland Center
Bale,Turbefield,1983-12-11,757-958-3382,2,1,Virginia Beach,Virginia,92623 5th Park
Rivy,Hilhouse,1997-07-21,786-173-9198,2,4,Hialeah,Florida,0 Chinook Crossing
Esme,Le Blanc,2011-06-22,719-840-8522,1,4,Colorado Springs,Colorado,5955 Menomonie Pass
Teador,Peplaw,2006-08-22,623-685-6548,1,3,Phoenix,Arizona,655 Southridge Crossing
Halli,Donahue,1985-03-27,619-219-3347,2,2,San Diego,California,9 Armistice Center
Tiebold,Spurden,2006-08-07,210-586-6567,1,4,San Antonio,Texas,99572 Anderson Plaza
Taffy,Restill,1973-08-15,405-563-7489,2,2,Oklahoma City,Oklahoma,75326 Schurz Hill
Nikita,Ciccarello,2018-03-15,862-275-7699,1,4,Newark,New Jersey,2249 Vera Trail
Nickolaus,Richold,2011-05-26,320-317-4617,1,4,Saint Cloud,Minnesota,57 Bartillon Terrace
Steffi,Mitchard,1963-07-15,918-572-3575,2,4,Tulsa,Oklahoma,59 Anzinger Junction
Hyacintha,Bosdet,1980-11-25,901-810-2386,2,3,Memphis,Tennessee,7 Little Fleur Center
Nye,Schule,1985-10-01,903-575-1767,1,1,Texarkana,Texas,1 Reinke Terrace
Loise,Northage,1951-05-09,701-123-8300,1,2,Fargo,North Dakota,1 Hagan Terrace
Steven,Oleksiak,2013-09-30,810-755-0444,2,4,Warren,Michigan,7742 Cody Hill
Muffin,Chidwick,1951-10-06,860-124-7918,2,2,Hartford,Connecticut,528 Beilfuss Street
Minni,Yeardsley,2018-02-20,202-730-8169,1,1,Washington,District of Columbia,51609 Ilene Road
Korrie,Elders,1980-04-04,305-408-7304,2,4,Miami,Florida,998 Packers Alley
Almire,Sansome,1977-08-06,413-220-4075,2,1,Springfield,Massachusetts,4 Crest Line Drive
Isa,Naylor,1985-12-10,702-475-6381,1,1,Las Vegas,Nevada,0 Carioca Pass
Bald,Rudolph,1980-05-13,404-550-4416,1,4,Alpharetta,Georgia,8141 Pleasure Terrace
Hi,Ciotto,1968-12-19,901-291-3168,1,3,Memphis,Tennessee,74 Golf Course Crossing
Teodoor,Hacquard,2001-07-15,940-152-6451,1,1,Denton,Texas,680 Barby Terrace
Hatti,Marrison,1985-04-25,260-777-3948,1,4,Fort Wayne,Indiana,207 Bluejay Plaza
Frederich,Realy,1968-12-31,718-153-5313,2,4,New York City,New York,87 Birchwood Center
Diego,Menichino,2019-06-25,920-858-4039,1,1,Appleton,Wisconsin,47043 Bunting Park
Sumner,Lorentzen,1995-11-24,202-233-9536,2,2,Washington,District of Columbia,632 Killdeer Place
Barret,Torr,1969-03-27,414-904-2273,2,1,Milwaukee,Wisconsin,75419 Meadow Valley Pass
Alysa,Dallman,1981-04-10,719-987-5813,1,4,Pueblo,Colorado,5887 Onsgard Pass
Pierson,Toffalo,2008-09-01,240-639-9676,2,1,Frederick,Maryland,36 Linden Drive
Britta,Chipping,1971-03-15,415-949-8283,1,1,San Francisco,California,207 Marcy Circle
Roth,Fardell,2002-05-02,757-262-4063,1,3,Norfolk,Virginia,85227 Pierstorff Parkway
Estelle,Kelloch,1971-02-02,703-518-4940,2,1,Washington,District of Columbia,741 Hallows Lane
Prudy,Chidley,2017-01-03,559-557-9591,1,3,Fresno,California,2 Atwood Drive
Alexis,Kolak,2006-05-08,253-537-6046,1,1,Tacoma,Washington,2469 Tomscot Lane
Jonie,McCartney,1985-09-03,919-875-1502,1,3,Durham,North Carolina,76 Debs Trail
Kare,Demageard,2004-01-02,850-616-2123,1,4,Tallahassee,Florida,0216 Nevada Street
Son,Fielders,1956-03-03,646-708-0619,1,4,New York City,New York,72 Comanche Court
Layton,Chat,2008-04-17,717-253-5967,1,3,Lancaster,Pennsylvania,3060 Lillian Hill
Carena,Ventham,2020-04-25,304-875-6098,2,3,Charleston,West Virginia,2 Iowa Drive
Veronike,Zanazzi,2014-05-17,913-425-3907,1,4,Shawnee Mission,Kansas,94 Autumn Leaf Crossing
Trev,Buney,1963-12-30,321-246-0793,1,1,Melbourne,Florida,10309 Comanche Hill
Armando,Tunnah,1988-05-24,970-341-7338,1,3,Grand Junction,Colorado,26 Loomis Park
Sasha,MacKibbon,2019-12-16,509-107-7240,1,4,Spokane,Washington,6 Gerald Lane
Raychel,McCay,1962-11-10,760-795-7811,2,1,Carlsbad,California,3 Loftsgordon Lane
Dugald,Gerding,2023-09-03,215-733-9045,2,2,Philadelphia,Pennsylvania,801 John Wall Way
Loella,Keenlyside,1988-05-19,720-218-2207,1,3,Denver,Colorado,457 Dryden Pass
Algernon,Moysey,1959-12-12,609-247-2593,1,4,Trenton,New Jersey,05037 Union Point
Conny,Cordeiro,1984-01-02,214-310-8252,2,2,Dallas,Texas,56 Ludington Crossing
Nalani,Rosenblath,1973-02-14,503-901-2088,2,1,Beaverton,Oregon,7361 Morrow Terrace
Cathy,Rosewell,2015-04-03,281-544-9058,1,1,Houston,Texas,35 Grim Trail
Sabra,Hatliff,2003-10-07,512-713-5193,2,1,Austin,Texas,961 Oriole Center
Carlin,Cavozzi,2015-06-24,915-280-5482,2,2,El Paso,Texas,6 Gina Crossing
Skye,Cakes,1973-08-25,609-321-2462,2,1,Trenton,New Jersey,30562 Schmedeman Crossing
Berni,Marjoribanks,1962-09-17,360-810-6596,1,4,Olympia,Washington,037 Ruskin Drive
Adelaide,Vango,1997-03-20,973-250-4806,2,1,Paterson,New Jersey,53993 1st Alley
Blondy,Kalinsky,2012-10-11,619-145-7906,1,4,San Diego,California,5 Welch Avenue
Margery,Wackett,1988-11-13,202-961-2108,1,1,Washington,District of Columbia,15710 Forster Trail
Charo,Anan,1992-10-01,212-153-1959,2,4,New York City,New York,33758 Loomis Way
Willy,Coldham,1968-11-20,425-387-0407,1,3,Seattle,Washington,8603 Annamark Road
Maryann,Twelftree,2007-01-25,515-798-8033,2,1,Des Moines,Iowa,2 Harbort Park
Nicolas,Eddow,1959-08-16,205-209-2482,1,4,Birmingham,Alabama,9428 Autumn Leaf Drive
Gibbie,Rayer,1952-09-19,617-468-1667,1,1,Boston,Massachusetts,40 Mallard Parkway
Kaile,Iddons,1958-05-21,406-963-8779,1,3,Billings,Montana,95630 Crowley Plaza
Marleen,Eadmead,1953-11-30,412-159-9817,1,3,Pittsburgh,Pennsylvania,03518 Eastlawn Point
Eugine,Kelson,1985-10-10,408-339-9291,2,2,San Jose,California,1 Meadow Ridge Drive
Emeline,Sibborn,1959-05-09,215-346-3654,1,4,Philadelphia,Pennsylvania,69959 Straubel Trail
Stanleigh,O'Henery,2019-03-24,304-863-3700,1,3,Huntington,West Virginia,43 Schlimgen Circle
Gloriana,Cawse,2011-07-18,305-123-0216,1,1,Naples,Florida,6 1st Way
Sharline,Knibley,1975-10-19,616-174-9064,1,1,Grand Rapids,Michigan,96 Graedel Avenue
Burgess,O'Neill,1985-11-28,904-219-5219,2,4,Jacksonville,Florida,62000 Heffernan Alley
Rory,Jimes,2010-02-20,860-725-5211,2,3,West Hartford,Connecticut,2 Laurel Point
Tomlin,Husher,1955-05-19,626-124-9675,1,4,Los Angeles,California,6602 Paget Trail
Ronda,Cronkshaw,1974-09-10,806-546-3341,2,4,Amarillo,Texas,8078 Di Loreto Alley
Mareah,Gatherell,2000-06-17,763-753-3767,1,3,Maple Plain,Minnesota,62615 Red Cloud Pass
Carolee,MacGille,1989-04-03,615-325-6907,1,1,Nashville,Tennessee,97 Autumn Leaf Plaza
Griffin,Joddins,1971-09-20,414-533-6320,2,1,Milwaukee,Wisconsin,162 Sutteridge Center
Cassy,Henri,1974-03-29,323-109-4172,1,2,Los Angeles,California,861 Jackson Terrace
Opaline,Noirel,1966-08-18,202-649-0680,1,1,Washington,District of Columbia,50343 Caliangt Alley
Kassie,Bartlett,1994-01-22,626-242-7772,2,3,Los Angeles,California,93123 Roxbury Park
Milly,Showell,1979-03-10,850-591-0503,1,2,Panama City,Florida,390 Memorial Drive
Clarke,Derle,1972-12-08,602-794-3478,1,3,Mesa,Arizona,3090 Ruskin Court
Patty,Galland,1966-04-28,339-292-5243,1,1,Woburn,Massachusetts,27 South Center
Valentine,Syncke,1951-01-27,202-786-9282,1,4,Washington,District of Columbia,5774 Rockefeller Junction
Ardisj,Bennellick,1956-06-24,208-522-6683,2,1,Boise,Idaho,5 Becker Plaza
Birk,Ivie,2018-05-23,309-571-3649,2,3,Peoria,Illinois,0 Bowman Crossing
Sissie,Tolland,2008-12-07,651-434-9826,1,1,Saint Paul,Minnesota,24530 Texas Drive
Odie,Haskur,2011-03-05,814-750-4455,2,4,Johnstown,Pennsylvania,80 Goodland Alley
Weston,Raynham,1984-06-23,318-127-7588,1,3,Boston,Massachusetts,241 Hudson Drive
Tabbatha,Cotsford,2003-08-07,405-130-1883,1,1,Oklahoma City,Oklahoma,6 Anthes Center
Khalil,Wynn,2006-05-31,415-830-9732,1,3,San Francisco,California,48423 Mosinee Pass
Evelina,Lambregts,1956-11-22,208-296-9354,1,4,Boise,Idaho,09754 Lyons Center
Andromache,Howes,1983-01-02,617-255-0736,1,4,Boston,Massachusetts,5 Declaration Street
Rriocard,Siddell,1997-03-14,262-805-1420,1,1,Racine,Wisconsin,2 Lerdahl Circle
Faun,Caslake,2006-02-15,626-119-9753,1,2,Pasadena,California,6073 Kedzie Drive
Winthrop,Anwell,1950-06-24,757-655-0370,2,3,Portsmouth,Virginia,6832 Carioca Crossing
Tera,Richardsson,1967-01-24,484-105-3771,1,4,Reading,Pennsylvania,283 Westridge Point
Koo,Champain,1988-11-14,225-327-9407,1,2,Baton Rouge,Louisiana,6879 Anderson Crossing
Mamie,Diplock,2000-01-16,770-756-9444,2,2,Atlanta,Georgia,8 Raven Hill
Rhoda,Hynam,1966-10-01,832-853-0133,1,1,Houston,Texas,03 Mcbride Court
Johnathon,Stuehmeier,1962-09-08,915-796-1933,1,3,El Paso,Texas,94501 Shasta Drive
Maia,Bechley,1967-02-06,678-413-9271,2,4,Alpharetta,Georgia,80274 Bellgrove Junction
Galvan,Ghidoni,2006-02-22,215-781-7746,1,4,Philadelphia,Pennsylvania,56 Mallard Hill
Sofia,Leile,1978-09-02,901-427-7336,2,3,Memphis,Tennessee,6890 Straubel Crossing
Robby,Joannidi,1999-07-07,540-299-3022,2,2,Roanoke,Virginia,6 Atwood Plaza
Shelby,Milesap,1976-04-22,785-672-1788,1,1,Topeka,Kansas,1 Buell Drive
Estele,Urion,2002-03-15,408-890-8085,2,4,San Jose,California,6 Lyons Court
Theo,Ribey,1959-02-17,434-221-7479,1,4,Lynchburg,Virginia,345 Magdeline Center
Warner,Kempster,2005-01-22,254-832-7196,2,3,Waco,Texas,72 Mayfield Court
Vivien,Danzig,1988-08-10,404-568-2412,2,3,Atlanta,Georgia,5 Merchant Terrace
Wernher,Osgerby,2008-08-13,318-316-6525,1,1,Monroe,Louisiana,98 Fair Oaks Street
Carilyn,Menear,1999-12-21,609-797-7427,2,3,Trenton,New Jersey,799 Troy Pass
Lemar,Kyte,1988-11-27,302-577-2635,1,3,Wilmington,Delaware,7347 Crownhardt Alley
Rossy,McNamee,1980-12-18,719-582-9902,2,4,Pueblo,Colorado,7 Debra Circle
Aurore,Hunting,1954-03-29,202-933-7197,2,3,Washington,District of Columbia,0 Jenna Parkway
Anthia,Raylton,2008-11-04,515-499-6487,1,1,Des Moines,Iowa,52684 Packers Park
Windham,Winckles,2022-10-10,717-766-8256,1,2,Harrisburg,Pennsylvania,019 Crest Line Way
Melli,Caulwell,1955-11-16,410-837-9405,2,2,Baltimore,Maryland,8838 Derek Trail
Jorie,Lunge,1964-01-04,404-650-1115,2,2,Atlanta,Georgia,42 Briar Crest Drive
Morris,Coling,1977-12-28,845-956-5117,1,2,White Plains,New York,7 Declaration Drive
Caldwell,Kleinmintz,1980-04-18,720-965-8894,1,4,Denver,Colorado,7772 Brown Way
Doug,Bayston,2010-07-02,402-173-7107,1,1,Omaha,Nebraska,5 Bultman Way
Adrien,Swiers,2004-01-22,803-313-5563,2,4,Columbia,South Carolina,96750 Doe Crossing Park
Michaella,Geater,1973-07-15,703-706-8327,2,1,Washington,District of Columbia,374 Leroy Street
Rabbi,Rutigliano,2018-10-12,910-393-5686,2,2,Fayetteville,North Carolina,020 Shelley Hill
Clemmy,Jopson,1962-12-12,727-208-3425,1,2,Clearwater,Florida,36283 David Alley
Carlin,Goldsack,1969-10-19,714-910-4436,2,4,Fullerton,California,86 Fremont Parkway
Tania,McGurn,1950-10-24,971-466-3218,1,4,Salem,Oregon,8028 Bellgrove Avenue
Flory,Brunker,1961-07-15,215-204-0850,1,4,Philadelphia,Pennsylvania,19925 Golden Leaf Trail
Tod,Peres,1975-07-25,915-315-4992,1,3,El Paso,Texas,25976 Schmedeman Circle
Abigale,Amy,2008-08-19,317-933-5137,1,2,Indianapolis,Indiana,181 Carey Pass
Rene,Seiffert,1983-12-19,317-710-4669,2,2,Indianapolis,Indiana,654 Blaine Parkway
Alair,Ferns,1983-12-18,317-169-6796,1,4,Indianapolis,Indiana,798 Trailsway Lane
Idell,Dowles,1985-02-26,202-983-5996,2,4,Washington,District of Columbia,8933 Butternut Circle
Roseanna,Yerrall,1997-01-01,205-332-2299,1,1,Birmingham,Alabama,49091 Ridgeview Lane
Liza,Daughtry,2002-10-04,415-872-4711,2,2,San Francisco,California,873 Warner Way
Vanna,Ghirigori,2019-12-07,215-302-9327,2,3,Philadelphia,Pennsylvania,3354 Straubel Circle
Web,McCreery,1951-08-27,619-639-0828,2,4,San Diego,California,490 Bobwhite Pass
Kora,Warke,1962-05-03,602-764-2181,2,3,Glendale,Arizona,68 Ohio Court
Clive,Goldman,1983-02-12,602-489-4184,2,2,Phoenix,Arizona,3392 Sutteridge Junction
Keenan,Nanson,1961-07-29,407-419-8971,2,1,Orlando,Florida,6 Birchwood Hill
Louella,Findlater,2002-09-13,330-783-5275,1,2,Canton,Ohio,8 Di Loreto Way
Hew,Whipple,1967-07-09,214-337-2402,2,2,Dallas,Texas,96387 Nelson Parkway
Urban,Zellick,1992-08-25,410-320-4773,1,2,Laurel,Maryland,477 Swallow Hill
Mona,Pardey,1965-09-01,202-710-6425,2,3,Washington,District of Columbia,48 Thierer Terrace
Zolly,Risborough,2017-11-08,305-658-2289,2,3,Naples,Florida,6011 Starling Drive
Ula,Algore,1991-08-22,619-536-3129,2,4,San Diego,California,4 Gateway Road
Rory,Claye,1986-12-24,423-671-4347,2,3,Chattanooga,Tennessee,5 Shoshone Circle
Brandea,Cobson,1957-04-06,704-870-0377,2,1,Charlotte,North Carolina,0601 Anhalt Trail
Lara,Danser,1954-07-17,917-579-3871,1,2,New York City,New York,5 Swallow Point
Farlee,Kramer,2022-07-11,305-694-7987,2,4,Miami Beach,Florida,010 Sutherland Drive
Corrinne,Pinare,1969-12-08,559-677-0238,2,2,Fresno,California,46 Melby Crossing
Deny,Langton,1950-04-05,754-439-1156,2,3,Fort Lauderdale,Florida,1789 South Way
Gerardo,Drinkel,2020-09-23,803-257-7306,1,4,Columbia,South Carolina,5 Hermina Road
Jordanna,Tother,2013-01-11,214-764-7233,2,2,Dallas,Texas,98369 Hoepker Place
Farrah,Mougin,1961-02-14,412-947-2679,1,1,Pittsburgh,Pennsylvania,887 Twin Pines Circle
Priscella,D'eath,1998-01-11,804-304-1076,1,1,Richmond,Virginia,32282 Washington Lane
Deb,Coniff,1967-08-10,281-431-1584,2,4,Houston,Texas,2371 Nobel Avenue
Charlot,Gobert,1983-12-15,703-716-2123,1,4,Washington,District of Columbia,01 Lakewood Gardens Way
Shepard,Kelso,1973-04-08,803-582-9426,1,4,Columbia,South Carolina,15 Leroy Avenue
Ginger,Doolan,1954-08-02,770-524-3613,2,4,Atlanta,Georgia,30596 Annamark Place
Nike,Tomblings,1987-11-12,217-356-0350,1,4,Springfield,Illinois,438 Longview Parkway
Ella,Glossop,2011-07-05,412-218-9539,2,3,Pittsburgh,Pennsylvania,7 Warrior Road
Dominick,Bellefonte,1961-07-11,256-818-5239,1,1,Huntsville,Alabama,73675 Comanche Street
Una,Lavin,1953-04-02,214-199-4957,2,1,Dallas,Texas,21 Express Trail
Raimundo,Sears,2005-04-14,440-985-0022,2,3,Cleveland,Ohio,47 Nova Hill
Bertine,Dy,1987-09-16,404-876-5826,2,3,Atlanta,Georgia,2 Meadow Vale Street
Damon,Signoret,1969-06-11,303-315-4062,2,4,Boulder,Colorado,99 Nancy Street
Cad,Kirkham,1999-02-20,202-749-9263,1,1,Washington,District of Columbia,0 Kropf Circle
Budd,Vanelli,1983-07-05,979-687-8408,1,3,College Station,Texas,43 Atwood Avenue
Kristin,Blandford,2008-07-04,706-799-1646,2,4,Cumming,Georgia,60127 Sachs Crossing
Cortie,Gardner,1974-08-04,505-718-8422,1,4,Albuquerque,New Mexico,68467 Old Shore Parkway
Marchelle,Cathee,2002-07-05,323-620-9049,1,2,Los Angeles,California,4494 Starling Terrace
Vivyanne,Woofenden,1969-04-08,954-983-3357,2,4,Pompano Beach,Florida,56434 Carey Circle
Gus,Gunby,1990-12-26,813-908-1047,1,2,Tampa,Florida,59 Vidon Drive
Ty,Perview,2010-11-14,401-748-3305,2,3,Providence,Rhode Island,19 Almo Park
Peggi,Davley,1973-01-22,843-722-5253,1,3,Myrtle Beach,South Carolina,8 Vahlen Hill
Jacquelyn,Heams,1968-05-30,216-725-9637,1,3,Cleveland,Ohio,02736 Oak Drive
Robbert,Yglesia,1971-05-07,719-571-1249,1,3,Colorado Springs,Colorado,70082 Loomis Hill
Wernher,Donnett,2003-05-20,626-307-7130,1,4,Pasadena,California,245 Eggendart Avenue
Elita,Davisson,2023-02-12,513-684-3590,2,1,Cincinnati,Ohio,390 Lyons Pass
Turner,Hallybone,2011-03-29,208-927-1493,1,3,Pocatello,Idaho,204 Lakeland Point
Abie,Peek,1975-08-18,713-879-4152,1,4,Houston,Texas,7 Corben Parkway
Maribel,Shyram,1977-07-18,614-743-1103,2,4,Columbus,Ohio,89233 Bowman Crossing
Lucien,Oulet,2016-02-26,770-301-2353,2,4,Atlanta,Georgia,67804 Old Shore Plaza
Carmine,Boynes,1967-10-07,215-259-7238,1,1,Philadelphia,Pennsylvania,0413 Dottie Place
Myrta,Burnel,1973-11-16,304-849-4039,2,1,Charleston,West Virginia,227 Twin Pines Point
Delmore,Hillitt,1987-03-05,407-466-6668,1,2,Orlando,Florida,904 Fairfield Alley
Zackariah,Ochterlonie,1985-04-17,917-865-5961,2,2,Bronx,New York,1090 Eliot Street
Cymbre,McGrae,1991-03-25,954-807-7170,1,4,Miami,Florida,5 Jana Lane
Clarey,Gunderson,1976-05-21,318-698-9576,2,3,Shreveport,Louisiana,534 Hanson Way
Somerset,Fedder,1979-10-22,205-324-2982,1,2,Birmingham,Alabama,9 Continental Point
Robbi,Vaughton,2004-12-28,646-413-7628,2,3,New York City,New York,28766 Derek Street
Antone,McNutt,1956-10-13,210-139-0195,1,3,San Antonio,Texas,524 Evergreen Avenue
Elbert,Widmore,1955-10-22,562-981-5197,2,1,Long Beach,California,641 Swallow Trail
Renato,Nasi,1974-04-07,202-960-9307,1,3,Washington,District of Columbia,12101 Old Gate Way
Maryl,Dodgshon,2014-04-14,515-402-9343,1,1,Des Moines,Iowa,3037 Knutson Pass
Karola,Marciskewski,1951-03-30,718-805-9806,2,2,Bronx,New York,89134 Manley Road
Giustina,Rizzardi,1968-01-10,209-790-9974,2,4,Fresno,California,65 Maryland Avenue
Tersina,Dekeyser,1986-08-26,415-298-5888,1,3,San Francisco,California,0965 Roth Crossing
Rosemaria,MacGarvey,1979-05-24,316-397-6205,1,2,Wichita,Kansas,3 Lyons Center
Deborah,Beckles,1983-04-03,508-776-7394,1,2,Brockton,Massachusetts,130 Pepper Wood Avenue
Ethelred,Dimnage,1995-10-15,716-939-8932,2,4,Buffalo,New York,1130 Burrows Pass
Dasya,Storch,1986-11-27,817-873-4584,1,2,Arlington,Texas,50 Daystar Lane
Ryan,Dominec,1986-01-20,907-563-0079,2,2,Fairbanks,Alaska,39633 Parkside Lane
Cristie,Conman,1999-09-19,406-436-5933,2,4,Bozeman,Montana,6 Pleasure Street
Valencia,Ekins,2008-05-10,763-649-6695,2,3,Monticello,Minnesota,64 Schmedeman Way
Spencer,Barnardo,1992-04-22,806-960-5933,2,1,Amarillo,Texas,77774 Ramsey Drive
Pia,Smissen,2006-11-11,325-604-0469,2,2,San Angelo,Texas,55714 Sage Trail
Elfreda,Esom,1952-12-30,501-770-8990,2,2,Hot Springs National Park,Arkansas,04 Macpherson Drive
Lissie,Danielsen,2011-11-08,915-530-7395,1,1,El Paso,Texas,3191 Annamark Road
Wilfrid,Kilborn,1993-07-31,303-147-8472,1,4,Littleton,Colorado,80 Schlimgen Parkway
Garvy,Loadwick,1992-12-22,314-185-9391,2,1,Saint Louis,Missouri,3858 Anderson Parkway
Madlen,Thorndale,1990-12-20,616-570-0934,1,4,Grand Rapids,Michigan,0 Monica Drive
Vitoria,Warman,1955-07-04,213-484-5514,2,3,Van Nuys,California,66667 Dorton Avenue
Henri,Finicj,2005-01-23,314-868-6504,2,2,Saint Louis,Missouri,0080 Dahle Point
Xenos,McKinley,1972-12-27,713-460-5218,2,1,Houston,Texas,27426 Hagan Avenue
Neysa,Mynott,1953-05-26,315-176-8706,1,3,Syracuse,New York,2 Cardinal Lane
Mal,Dottrell,1987-09-17,727-856-6828,2,3,Saint Petersburg,Florida,08052 Fair Oaks Court
Thornton,Jerratsch,1960-08-31,785-778-8931,2,4,Topeka,Kansas,3416 Prairieview Drive
Konstantine,Bouller,2010-11-02,754-122-8371,2,3,Fort Lauderdale,Florida,52 South Road
Hort,Vsanelli,2009-12-24,727-941-1334,1,3,Clearwater,Florida,46 Westend Street
Nick,Brastead,1982-03-28,201-376-0475,1,2,Paterson,New Jersey,87480 Waywood Terrace
Jillayne,Itzkov,2010-08-18,216-605-8769,1,1,Cleveland,Ohio,35530 Derek Road
Agna,Barwood,2018-06-23,860-206-1965,1,1,West Hartford,Connecticut,2 Artisan Drive
Pierson,Quantrill,1984-02-08,504-297-4794,2,1,New Orleans,Louisiana,61 Glendale Trail
Alyosha,Chill,2012-11-13,704-384-9555,2,2,Charlotte,North Carolina,9120 Melrose Circle
Genni,Arndell,1996-06-04,763-315-6796,1,4,Monticello,Minnesota,08 Golden Leaf Park
Ronnie,Offield,1959-04-29,504-751-3857,1,3,New Orleans,Louisiana,78 Crowley Court
Nial,Ablitt,1980-01-08,210-714-4874,2,1,San Antonio,Texas,02160 Hollow Ridge Road
Angelia,Betjes,1984-12-26,212-832-8399,1,4,New York City,New York,13 Jay Way
Petey,Livoir,2012-12-04,863-574-6716,1,2,Lehigh Acres,Florida,92 Dryden Lane
Vaclav,McNee,1971-05-25,305-659-5969,1,3,Miami,Florida,37 Nova Lane
Nate,Dizlie,1986-02-01,212-396-4985,2,3,Jamaica,New York,54 Browning Parkway
Shannon,Lyenyng,1990-12-19,409-780-1947,2,2,Spring,Texas,26 Basil Hill
Lyn,Meriel,1973-10-12,615-687-9660,2,4,Nashville,Tennessee,143 Packers Way
Faunie,Isherwood,1978-12-20,202-193-0939,2,2,Washington,District of Columbia,4 Stoughton Way
Timmie,Berget,2016-02-09,202-106-6195,1,1,Washington,District of Columbia,997 Autumn Leaf Place
Bary,Fruser,1979-12-21,518-163-5281,1,2,Schenectady,New York,1904 Eliot Alley
Paloma,Dairton,1972-04-03,716-341-6559,2,4,Buffalo,New York,91 Birchwood Place
Tynan,Dandie,1958-03-12,719-680-7860,1,4,Colorado Springs,Colorado,97 Russell Court
Darlleen,Peattie,1966-08-18,561-945-4102,1,2,Lake Worth,Florida,0 Bluejay Parkway
Felicity,Bettison,1961-08-30,206-940-2433,1,4,Bellevue,Washington,3987 Green Ridge Trail
Zechariah,Pentin,1999-08-23,916-252-8951,1,1,Sacramento,California,6406 Oxford Street
Maxy,Moreing,1953-03-23,609-444-0474,2,3,Trenton,New Jersey,14 Coleman Way
Dulcine,Duchart,1976-10-14,901-169-8297,2,3,Memphis,Tennessee,13139 Onsgard Terrace
Kit,Coxall,1997-10-14,571-187-4976,2,3,Falls Church,Virginia,1 Bunker Hill Crossing
Zebadiah,Le Noir,2007-10-09,678-899-4696,1,3,Lawrenceville,Georgia,82 Petterle Trail
Far,Craise,1993-02-16,617-272-6617,2,3,Newton,Massachusetts,8630 Dovetail Pass
Davine,Elverston,1968-10-17,251-364-3140,1,3,Mobile,Alabama,3164 Hoard Park
Ryann,Tanguy,2022-03-20,212-619-2072,1,3,New York City,New York,7429 Thackeray Trail
Rozanne,Charpling,1966-07-01,910-453-3876,1,4,Fayetteville,North Carolina,3244 Sugar Crossing
Saundra,Gwynne,1977-07-03,408-497-8412,1,3,San Jose,California,30 Lakewood Gardens Avenue
Piotr,MacAdam,1956-05-20,626-553-7904,1,2,Pasadena,California,34 Waubesa Drive
Morgan,Peizer,1962-08-01,915-425-8100,2,4,El Paso,Texas,6 Holy Cross Junction
Edward,Esgate,1959-02-22,862-695-3920,2,2,Newark,New Jersey,40768 Helena Park
Carmita,Abramovic,1953-05-17,248-406-6119,1,1,Farmington,Michigan,145 Melby Junction
Amalita,Sindle,2007-05-14,251-563-1324,1,3,Mobile,Alabama,94 Debs Junction
Innis,Ives,1994-12-01,361-304-5351,2,4,Corpus Christi,Texas,4733 Dovetail Circle
Marga,Churchouse,2008-01-15,617-105-5158,1,2,Lynn,Massachusetts,425 Sauthoff Plaza
Obadias,MacAvaddy,2011-04-20,513-752-4750,1,3,Cincinnati,Ohio,7 Merchant Center
Jedediah,Eilhermann,1967-09-22,425-582-5006,2,1,Seattle,Washington,763 Schmedeman Park
Nicolea,Morriarty,2012-12-05,415-316-0753,2,1,San Francisco,California,17 Thompson Drive
Torrey,Simoneschi,1975-02-10,304-399-5100,2,3,Huntington,West Virginia,7 Kensington Plaza
Scott,Arber,1970-06-19,304-552-8164,2,3,Huntington,West Virginia,036 Melrose Plaza
Rene,McLeese,1979-06-16,256-686-0966,2,3,Huntsville,Alabama,852 Hoepker Terrace
Delmar,Di Francesco,2019-05-06,804-827-6088,2,4,Richmond,Virginia,31355 Moose Way
Laverne,Cobbing,1950-10-23,210-256-5824,2,1,San Antonio,Texas,37492 Thompson Avenue
Riley,Stoney,1978-04-28,915-740-4247,1,2,El Paso,Texas,967 Becker Parkway
Odey,Ledwich,1990-02-10,903-369-1801,2,1,Longview,Texas,5 Dixon Drive
Dori,Theis,2014-12-25,806-899-0591,2,1,Amarillo,Texas,9060 Petterle Court
Rufe,Sheach,1952-09-12,205-778-1455,2,1,Birmingham,Alabama,8 Manufacturers Hill
Lauri,Gilhouley,1961-12-14,719-592-9175,2,4,Colorado Springs,Colorado,44 Kenwood Alley
Josephine,Searsby,2018-05-29,714-960-3605,2,1,Irvine,California,0265 Jenna Trail
Cathy,Barwis,2006-02-09,214-279-3509,2,2,Dallas,Texas,7503 Lyons Road
Goran,Baert,2013-09-25,504-891-1750,2,1,Metairie,Louisiana,904 Michigan Point
Hy,Barten,1967-12-16,434-802-0084,2,3,Charlottesville,Virginia,0938 Pine View Road
Annemarie,Smoote,2022-02-08,404-705-0559,1,4,Atlanta,Georgia,7043 Kim Way
Donaugh,Huncote,2011-02-12,503-112-2017,1,2,Portland,Oregon,173 Fairview Way
Abran,Golson,1993-05-15,334-389-6253,1,1,Montgomery,Alabama,72 Northview Drive
Napoleon,Braunston,2009-12-13,405-453-3322,1,4,Oklahoma City,Oklahoma,08 Maywood Alley
Madelon,Klosa,2004-04-21,404-817-6872,2,2,Duluth,Georgia,2 Westend Center
Kaleena,Cassey,2010-01-29,301-249-2054,1,4,Silver Spring,Maryland,102 Buell Plaza
Stacee,Gurnett,1981-11-02,202-862-5414,1,4,Washington,District of Columbia,9 Briar Crest Point
Judie,Ethelston,2011-04-13,406-681-7340,1,3,Bozeman,Montana,7928 Drewry Hill
Patrice,Vaneev,2015-10-31,205-963-1228,2,4,Birmingham,Alabama,10 Susan Alley
North,M'Chirrie,2018-02-19,803-424-2284,2,1,Columbia,South Carolina,4325 Del Sol Avenue
Kelci,Hadkins,2019-09-11,231-631-8485,2,2,Muskegon,Michigan,17 Elgar Park
Bernadine,Simison,2016-08-12,202-938-3991,2,2,Washington,District of Columbia,71 Tennyson Trail
Theadora,Bride,1994-09-17,213-131-4042,2,3,Los Angeles,California,8644 Dayton Parkway
Teodora,Maypes,1967-03-29,405-567-4368,1,4,Oklahoma City,Oklahoma,43 Dottie Drive
Marjory,Lackinton,2006-04-14,858-238-1044,2,1,San Diego,California,72361 Graedel Avenue
Irvin,Grishelyov,1966-08-06,405-683-9669,1,3,Oklahoma City,Oklahoma,48079 Jenifer Way
Nadia,Smellie,1953-02-17,678-698-2310,1,4,Atlanta,Georgia,93802 Dryden Park
Ynez,Hammond,1962-11-10,209-125-3300,2,4,Fresno,California,9 Brickson Park Trail
Alyosha,Presser,2003-10-31,724-634-8200,1,3,Pittsburgh,Pennsylvania,180 Russell Circle
Cherise,Furzer,2003-05-18,515-385-9367,2,3,Des Moines,Iowa,171 8th Circle
Wainwright,Sibbson,1957-11-28,617-792-3387,1,2,Boston,Massachusetts,8 Vahlen Hill
Hanna,Gable,2006-06-05,706-482-3558,1,4,Cumming,Georgia,62 Anthes Way
Kelila,Zorro,1961-03-04,619-684-3529,1,4,San Diego,California,512 Meadow Ridge Plaza
Guenevere,Arger,1988-06-19,412-654-7601,1,4,Pittsburgh,Pennsylvania,51179 Transport Lane
May,L'Hommeau,1960-12-08,918-650-2849,2,4,Tulsa,Oklahoma,8269 Del Mar Drive
Hersh,Christophers,1958-07-07,765-889-8248,2,3,Anderson,Indiana,11786 Kingsford Circle
Trenton,Hariot,1962-11-16,239-130-8299,1,1,Fort Myers,Florida,58 Crescent Oaks Circle
Shaylah,Sheerin,1960-10-11,360-448-2214,2,2,Olympia,Washington,908 Reinke Place
Xena,Melliard,1972-09-27,505-456-9803,2,2,Albuquerque,New Mexico,17 Rigney Point
Kiley,Verring,2013-01-19,225-239-5095,2,3,Baton Rouge,Louisiana,98457 Kropf Road
Sasha,Teasdale,2007-06-04,617-303-2152,2,3,Boston,Massachusetts,4 Duke Avenue
Evonne,Coveney,1972-12-15,661-270-0376,1,1,Lancaster,California,4488 Center Court
Darci,Sharples,1979-03-09,414-376-4771,2,2,Milwaukee,Wisconsin,9616 Sheridan Circle
Pablo,Moulster,1979-11-20,941-470-3738,1,2,Punta Gorda,Florida,2806 Crowley Circle
Sunny,Joderli,1982-03-03,225-853-1593,2,3,Baton Rouge,Louisiana,168 Waxwing Hill
Ania,Stedmond,1981-02-14,951-591-2651,1,4,Moreno Valley,California,57769 Armistice Way
Feodora,Sobtka,2001-06-28,770-246-8124,1,1,Atlanta,Georgia,465 Clemons Plaza
Candie,Semiraz,2012-11-23,505-552-8022,1,1,Albuquerque,New Mexico,933 Farmco Street
Lynna,Massy,1998-10-29,205-707-5859,1,1,Tuscaloosa,Alabama,684 Hooker Avenue
Hamil,Fawssett,1976-10-24,317-526-7359,2,1,Indianapolis,Indiana,61 Vernon Circle
Dennet,Tixall,1991-12-25,213-632-3308,2,1,Los Angeles,California,7840 Blackbird Point
Janela,Catterall,1966-12-14,202-936-0216,1,4,Washington,District of Columbia,01 Londonderry Park
Wesley,Lambole,2014-04-26,702-472-1434,1,2,Las Vegas,Nevada,1615 Elmside Hill
Rufus,Tregear,2008-12-18,213-437-3477,2,3,Los Angeles,California,58675 Mitchell Avenue
Fayre,Meldrum,2016-07-05,719-769-1990,1,3,Colorado Springs,Colorado,882 Moulton Plaza
Enos,Fairlie,2019-10-21,551-603-1719,2,1,Jersey City,New Jersey,1874 Fordem Terrace
Bevan,Bonson,1978-11-02,971-481-9714,1,2,Portland,Oregon,88047 Burrows Parkway
Janella,Seavers,1997-03-10,281-915-2832,2,4,Humble,Texas,43 Melody Terrace
Doe,Barrable,1952-06-04,419-402-6585,1,3,Toledo,Ohio,206 West Place
Terrance,Schenfisch,1965-12-07,917-122-9618,1,2,Jamaica,New York,20 Myrtle Way
Mollie,Connerry,1980-06-08,616-801-8658,2,4,Grand Rapids,Michigan,1 Jenifer Avenue
Art,Pierton,1973-12-07,916-574-2860,1,3,Sacramento,California,4 Jana Alley
Morena,Jouannisson,1976-11-26,405-876-0327,1,3,Oklahoma City,Oklahoma,62 Karstens Trail
Bruno,Fairfoull,1986-11-12,901-444-1104,1,4,Memphis,Tennessee,17818 Bayside Hill
Tymon,Monkman,1970-10-24,313-285-1358,1,1,Detroit,Michigan,32518 Northfield Lane
Bendix,Kopf,1974-11-18,305-581-9336,2,3,Hialeah,Florida,74407 Maple Wood Park
Gypsy,Challenor,1961-09-11,503-506-5073,1,1,Portland,Oregon,00119 Nevada Pass
Percy,Diboll,2004-11-09,937-797-8633,2,3,Dayton,Ohio,17435 Grover Circle
Brenn,Drewry,1968-04-07,860-512-2781,1,1,West Hartford,Connecticut,27606 Mallory Place
Maria,Wescott,1967-02-28,225-183-3248,1,4,Baton Rouge,Louisiana,6067 Di Loreto Plaza
Oneida,Ramelot,2022-04-20,513-141-3493,1,2,Cincinnati,Ohio,07 David Avenue
Alida,Cozens,1993-11-11,318-389-5305,1,3,Alexandria,Louisiana,35307 Northland Crossing
Odetta,Grzelewski,1956-09-23,860-714-3216,2,1,Hartford,Connecticut,56507 Crest Line Circle
Issie,Racher,2005-12-09,401-802-3583,2,1,Providence,Rhode Island,27 Lillian Alley
Desirae,Shanklin,1950-03-23,937-882-1838,2,4,Dayton,Ohio,8 Thierer Park
Kendra,Vinden,2023-05-23,816-733-5807,1,4,Kansas City,Missouri,36052 Norway Maple Alley
Haydon,Leatherborrow,1967-05-09,561-408-3769,2,1,Boca Raton,Florida,58158 North Point
Guntar,Affron,1964-01-22,727-231-7704,2,3,Saint Petersburg,Florida,106 Jenna Alley
Jordan,Giercke,2006-01-27,202-776-8262,1,3,Washington,District of Columbia,2170 Brentwood Pass
Tabina,Beaudry,1972-12-30,218-753-5949,1,1,Duluth,Minnesota,9523 Buell Place
Betti,Mobberley,2006-08-01,202-633-8807,1,4,Bethesda,Maryland,168 Helena Drive
Ardelia,Kiwitz,2000-11-30,214-461-1855,2,2,Mesquite,Texas,08923 Memorial Drive
Dee,Petrou,1992-04-07,518-384-8536,1,4,Albany,New York,10 Moose Park
Budd,Lettsom,1950-04-21,704-297-6440,2,4,Charlotte,North Carolina,2062 Mifflin Street
Marie-ann,Daintry,2010-05-27,202-586-3581,2,1,Washington,District of Columbia,9428 Swallow Lane
Augusta,Ritmeier,1958-12-24,806-199-6919,2,1,Amarillo,Texas,47 Butterfield Center
Sutherlan,Kluge,1997-11-15,920-555-3095,1,3,Green Bay,Wisconsin,1 Waxwing Park
Annis,Tratton,1995-07-04,210-592-6047,1,1,San Antonio,Texas,6 Meadow Vale Park
Drona,McGing,2007-04-11,202-773-6405,1,4,Washington,District of Columbia,90514 Westerfield Court
Daphne,Petroulis,1965-10-25,229-561-8882,2,2,Albany,Georgia,96878 Barnett Alley
Chandal,Ohm,2005-01-28,678-798-3737,1,3,Marietta,Georgia,8 Warbler Park
Hieronymus,Sexten,2017-07-10,504-570-1170,2,4,New Orleans,Louisiana,1 Transport Street
Curtice,Esgate,2022-06-09,571-290-3969,2,4,Arlington,Virginia,3515 Scofield Terrace
Nels,Rowan,1970-04-05,786-219-9347,1,4,Miami,Florida,6 Bartillon Point
Scott,Brodbin,1962-07-05,202-663-8693,2,1,Washington,District of Columbia,66230 Stoughton Court
Octavia,Beazleigh,1981-02-07,520-745-3625,2,1,Tucson,Arizona,3 Sheridan Junction
Seline,Gingell,2003-07-29,316-832-9666,1,4,Wichita,Kansas,6552 Truax Plaza
Drusi,Darnbrook,1997-01-06,816-745-5262,2,3,Kansas City,Missouri,22239 Golf View Alley
Elyssa,Worwood,2000-07-16,615-251-1847,2,1,Memphis,Tennessee,563 Crescent Oaks Road
Konrad,Yeldham,2017-01-18,916-987-7387,1,4,Sacramento,California,87 Marquette Lane
Franky,Messiter,2001-04-30,254-973-0652,1,4,Waco,Texas,64087 Pond Hill
Hatty,Spancock,2008-02-18,520-860-8979,1,4,Tucson,Arizona,010 Jackson Terrace
Karlotte,Buckwell,1952-10-18,212-202-5897,1,3,New York City,New York,56346 Darwin Road
Cher,Ellwell,2006-01-19,561-681-3670,1,2,Palm Bay,Florida,84 Stuart Crossing
Andromache,Reynard,1972-09-29,210-395-9725,1,1,San Antonio,Texas,9012 Dexter Circle
Cori,Stanners,2008-12-06,817-356-8504,2,4,Fort Worth,Texas,71 3rd Street
Jaynell,Suston,1979-02-08,910-473-4630,1,4,Fayetteville,North Carolina,527 Blaine Crossing
Sissy,Graddon,2001-09-30,803-688-0272,2,1,Columbia,South Carolina,923 Debra Hill
Atlante,Stoves,1958-10-05,239-825-5844,2,3,Fort Myers,Florida,0 Thompson Road
Fletcher,Ayliffe,2005-04-02,215-403-1731,1,2,Philadelphia,Pennsylvania,499 Tomscot Way
Lyon,Watmore,2000-03-10,352-691-6399,1,2,Ocala,Florida,69 Graceland Hill
Jdavie,Ravenhills,1993-02-23,915-763-1228,1,3,El Paso,Texas,9 Stang Alley
Donelle,Lattimer,1987-06-18,404-480-4711,2,2,Atlanta,Georgia,83 Anzinger Pass
Jaquelyn,Muehler,1987-06-25,303-134-9109,2,1,Denver,Colorado,9 Birchwood Alley
Karly,Klimashevich,1963-10-31,703-206-3218,1,2,Reston,Virginia,2 Starling Circle
Lucita,Lyndon,2020-12-20,773-928-4640,2,2,Chicago,Illinois,84813 Paget Street
Adelice,Ahlin,1987-06-17,256-580-9825,2,2,Huntsville,Alabama,1 Walton Circle
Krystal,Dalziell,1967-06-21,920-334-8185,1,1,Appleton,Wisconsin,7118 Anderson Park
Marlow,Aldcorne,1961-11-01,212-447-6508,2,1,Brooklyn,New York,6410 Golden Leaf Street
Dela,Rennolds,2021-01-05,443-668-2703,1,3,Baltimore,Maryland,6 Corben Avenue
Ravid,Chell,1989-03-17,772-563-9853,2,2,Fort Pierce,Florida,01 Hoepker Trail
Christi,Benasik,1971-12-22,202-848-4182,2,1,Washington,District of Columbia,64 Pennsylvania Hill
Millicent,Knatt,2000-01-29,419-633-6392,2,3,Toledo,Ohio,716 Lyons Park
Win,Wickstead,1988-06-20,646-465-3552,2,3,New York City,New York,15 Sutteridge Alley
Jannelle,Bolver,1979-05-27,518-957-0787,1,3,Albany,New York,00901 Judy Parkway
Eduardo,Decruse,2020-12-11,763-503-7231,2,1,Minneapolis,Minnesota,8 Luster Hill
Ethe,Whetnall,1961-06-25,713-869-0299,2,4,Houston,Texas,41 Tennessee Road
Perren,Roskam,1962-12-19,661-724-4939,2,1,Bakersfield,California,649 Raven Circle
Keane,Yaldren,1973-12-11,951-674-1083,2,1,Riverside,California,32292 Bonner Street
Dave,MacTurlough,1991-08-24,216-925-7276,1,4,Cleveland,Ohio,37200 Sunbrook Way
Dale,Pennings,1974-01-07,713-203-8520,2,3,Houston,Texas,8850 Maple Wood Pass
Almeria,Czajkowska,1985-10-23,812-621-1166,1,1,Jeffersonville,Indiana,34075 Weeping Birch Avenue
Lilas,Sorby,1985-02-08,910-884-0090,2,1,Wilmington,North Carolina,4319 Roth Way
Kaiser,Brambell,2014-07-30,951-966-4565,2,2,Moreno Valley,California,37 Shopko Pass
Lynde,Cavan,1961-07-08,651-529-4804,2,4,Saint Paul,Minnesota,68 Trailsway Center
Alvie,Babe,2011-04-14,217-369-3419,1,3,Springfield,Illinois,86 Anderson Circle
Farrah,Dabney,1984-09-24,904-308-1727,2,2,Jacksonville,Florida,385 Butternut Park
Janina,Raiston,1952-04-04,501-327-5745,1,1,Hot Springs National Park,Arkansas,2 Starling Alley
Jakie,Ishaki,1963-12-11,806-992-5785,1,1,Amarillo,Texas,3 Village Green Plaza
Marian,Jalland,1997-01-12,202-391-1219,1,4,Washington,District of Columbia,00 Fremont Park
Clerkclaude,Potes,1964-12-11,202-563-3304,1,4,Washington,District of Columbia,120 Oakridge Point
Henrieta,Donoghue,2016-11-02,707-201-0302,1,1,Santa Rosa,California,66423 Darwin Parkway
Krishna,Sellen,1983-04-25,315-659-7373,2,3,Syracuse,New York,51 Cody Crossing
Martguerita,Sowman,2022-04-19,808-828-2897,2,3,Honolulu,Hawaii,92078 Bartelt Alley
Lilla,Castellani,2002-06-17,864-830-0471,1,1,Greenville,South Carolina,46 Loomis Way
Joni,Gandey,1977-03-16,817-740-6329,2,4,Irving,Texas,40045 Lunder Point
Vito,Wasteney,1970-06-22,816-798-8540,1,2,Lees Summit,Missouri,9 Acker Terrace
Miguel,Itzig,1978-02-13,318-921-6272,2,4,Shreveport,Louisiana,41 Caliangt Crossing
Flem,Gerhold,1990-01-24,917-397-9068,1,3,Bronx,New York,4309 Prairieview Court
Abner,Taber,1975-05-12,415-615-1115,1,4,San Francisco,California,722 Hermina Road
Alameda,Cianni,1956-06-25,520-869-8404,2,3,Tucson,Arizona,68 Hansons Trail
Ikey,Barthropp,2005-09-03,520-714-6365,1,3,Prescott,Arizona,866 Prentice Parkway
Gerhardine,Tabary,2000-11-20,937-194-4175,2,3,Dayton,Ohio,57 Aberg Pass
Shaun,Dossantos,1988-03-02,213-158-8757,1,4,Los Angeles,California,67 Bellgrove Point
Bertrand,Christou,2012-10-10,202-374-7628,2,2,Washington,District of Columbia,8 Tennyson Drive
Jess,Studde,1998-05-18,503-242-9991,2,2,Salem,Oregon,1146 Dottie Drive
Phylys,De Hooge,2015-01-09,317-123-0229,2,2,Indianapolis,Indiana,63210 Golf Course Street
Marius,McLauchlin,1959-12-01,202-700-9976,1,4,Washington,District of Columbia,7 Darwin Road
Delila,Blasli,1984-03-03,914-775-3909,1,1,Yonkers,New York,95 Milwaukee Road
Libbey,Brunger,1954-01-14,912-991-9103,2,3,Savannah,Georgia,4824 Victoria Circle
Dottie,Agney,1991-09-01,832-860-3348,1,3,Houston,Texas,2 East Terrace
Rodina,Luetkemeyer,1963-06-13,208-809-0270,1,1,Boise,Idaho,6713 Waubesa Park
Cherilyn,Elmhirst,1986-03-12,517-748-8938,2,1,Lansing,Michigan,7991 Melrose Trail
Crysta,Crosby,1956-10-17,803-644-3341,1,1,Columbia,South Carolina,851 Talisman Terrace
Emilie,Malpass,1963-04-04,504-183-0439,2,3,New Orleans,Louisiana,39101 Karstens Point
Alena,McGuinley,1995-05-18,281-285-8790,1,1,Houston,Texas,55228 Stuart Alley
Margarette,Lewisham,1988-12-04,859-348-4476,2,2,Lexington,Kentucky,250 Village Green Way
Margot,Greene,1979-12-30,305-100-1964,2,1,Miami,Florida,3 Moulton Lane
Ezra,Teresa,2014-07-05,719-511-3755,1,1,Colorado Springs,Colorado,569 Sommers Street
Harmon,Whelpdale,2023-07-25,518-757-6682,2,1,Albany,New York,3548 Thompson Way
Brooks,Harman,1970-02-20,801-839-3193,1,1,Ogden,Utah,2533 Basil Parkway
Kipper,May,1977-10-15,754-182-5829,2,1,Fort Lauderdale,Florida,7 Parkside Alley
Rolfe,Sheringham,2001-10-15,806-579-1751,1,4,Amarillo,Texas,2 Luster Street
Valery,Eteen,1964-05-29,817-170-8047,1,3,Arlington,Texas,76 Gina Place
Cayla,Cescon,2014-08-29,805-690-3024,1,3,Ventura,California,9621 School Alley
Jason,Yaus,2016-09-09,402-346-6893,1,4,Omaha,Nebraska,57452 Union Hill
Karlan,Graysmark,1961-01-30,704-861-8809,1,1,Charlotte,North Carolina,31100 Gulseth Terrace
Ruthy,Wisbey,1984-11-13,404-350-7150,1,1,Atlanta,Georgia,78 Pierstorff Drive
Iosep,Beadel,1986-06-30,304-441-4861,1,3,Morgantown,West Virginia,6271 Sutteridge Trail
Gus,Idiens,2016-08-07,301-271-3894,2,1,Annapolis,Maryland,3 Bultman Center
Brittan,Limpricht,1978-08-02,972-770-4400,1,2,Plano,Texas,8738 Mendota Hill
Martainn,Creeghan,2009-12-10,507-204-7106,2,3,Rochester,Minnesota,96239 Holy Cross Parkway
Ignazio,Seide,1972-10-19,815-558-7287,1,4,Rockford,Illinois,8 Jackson Way
Mariya,Mullenger,2001-01-19,865-174-5611,1,2,Knoxville,Tennessee,4774 Daystar Road
Eleanora,Cockerell,1950-03-12,806-701-5286,1,4,Amarillo,Texas,46 Warbler Crossing
Kip,Oxborough,2019-10-13,516-809-5822,1,4,New York City,New York,1863 Elka Lane
Duffy,Sillars,2009-04-08,502-359-3049,2,4,Louisville,Kentucky,1 Valley Edge Terrace
Emelda,Jeskin,2019-07-10,206-478-0519,1,1,Seattle,Washington,0 Lake View Point
Netty,Maytum,1960-08-19,916-187-5027,2,3,Sacramento,California,215 Hovde Street
Caspar,Stubbs,2012-08-25,404-640-8038,2,1,Atlanta,Georgia,8 Banding Drive
Fonzie,Arnaudi,1987-03-15,816-429-2747,2,4,Kansas City,Missouri,04126 Brickson Park Park
Sosanna,Briskey,1991-06-07,214-407-0058,2,2,Dallas,Texas,9 Mendota Drive
Vern,Heitz,1997-07-20,484-669-7238,2,3,Valley Forge,Pennsylvania,2 Packers Circle
Kaitlin,Lorenzin,2014-06-11,812-747-9659,2,3,Evansville,Indiana,3871 Oriole Crossing
Robena,Lepper,1984-10-05,216-478-2671,2,3,Cleveland,Ohio,6 Redwing Circle
Budd,Chaplin,1957-08-12,508-121-6570,2,2,Worcester,Massachusetts,6 Basil Drive
Esta,Shillum,2021-06-19,816-766-0589,1,3,Kansas City,Missouri,65790 Katie Avenue
Gasper,Gammie,1970-07-13,502-883-9589,1,2,Migrate,Kentucky,5 Moland Drive
Zebadiah,Ruffell,2003-01-21,202-125-4043,2,2,Washington,District of Columbia,7931 Raven Pass
Leonore,Mabbott,1967-05-16,716-272-1397,2,4,Buffalo,New York,10 Division Center
Timothee,Gawthrop,1957-10-01,717-377-1384,2,1,Harrisburg,Pennsylvania,60 Sauthoff Lane
Rouvin,Livett,1995-05-15,314-860-2004,1,4,Saint Louis,Missouri,0795 Northfield Park
Sigrid,Gee,1972-04-05,515-103-2848,2,2,Des Moines,Iowa,29 Kinsman Crossing
Constance,Cossell,1953-04-18,561-732-8804,2,4,Boca Raton,Florida,7 Susan Plaza
Hilary,Bielfeld,2016-01-25,253-903-3370,2,2,Seattle,Washington,32 Eagle Crest Pass
Ebba,Bonifacio,1976-07-01,850-485-8575,2,3,Tallahassee,Florida,901 Summit Center
Stephenie,Paur,2013-08-19,804-970-9519,1,3,Richmond,Virginia,950 Loeprich Street
Teador,Leyband,2014-10-02,718-597-5603,1,1,Brooklyn,New York,42890 Talmadge Hill
Jarad,Kornacki,1958-03-08,504-189-7659,2,1,New Orleans,Louisiana,99815 Twin Pines Trail
Georgine,MacRierie,1962-12-28,718-709-9190,1,3,Flushing,New York,47 Mosinee Hill
Maddie,Midden,1988-09-20,727-604-4788,2,3,Tampa,Florida,3755 Atwood Junction
Saunders,Poytheras,1982-09-05,603-797-4708,1,3,Manchester,New Hampshire,5 School Terrace
Frayda,Duggen,1961-10-20,612-557-9409,2,3,Minneapolis,Minnesota,068 Moland Drive
Timmie,Gilhoolie,2008-06-26,915-504-1048,2,4,El Paso,Texas,9260 Harper Alley
Ingrim,Cammish,2000-08-11,786-849-2111,2,2,Miami,Florida,16 Bluejay Street
Merl,Hospital,2002-01-03,714-535-7836,1,1,Orange,California,4 Bultman Plaza
Stinky,Bausor,1952-01-12,214-273-9718,1,2,Plano,Texas,4858 Superior Terrace
Venita,Haeslier,2015-01-07,615-998-4882,1,2,Nashville,Tennessee,4733 Sunnyside Circle
Josselyn,Hulatt,2020-09-15,915-965-7585,1,2,El Paso,Texas,0 Mifflin Park
Cirilo,McGrady,1977-07-03,404-807-9219,2,3,Atlanta,Georgia,150 Riverside Pass
Koressa,Souness,1978-11-24,937-963-5048,1,4,Dayton,Ohio,62602 Cardinal Drive
Alvy,Sherme,1981-11-11,916-459-5688,2,3,Sacramento,California,409 Dakota Hill
Rafaelita,Effemy,1967-09-14,573-848-3969,2,4,Jefferson City,Missouri,209 Melrose Lane
Riobard,Matschuk,1965-11-01,310-506-2270,2,1,Garden Grove,California,5849 Clarendon Crossing
Ulrick,Grooby,2008-10-13,313-263-6960,1,3,Detroit,Michigan,2238 Havey Way
Rhianna,Bellows,2014-06-13,901-685-5583,2,4,Memphis,Tennessee,46 Corben Avenue
Avictor,Sigge,2003-09-29,717-266-5532,1,2,Lancaster,Pennsylvania,265 Drewry Avenue
Alexander,Henworth,1952-10-02,915-527-5326,1,2,El Paso,Texas,975 Welch Park
Babs,Delouch,1977-10-17,405-460-0533,1,1,Oklahoma City,Oklahoma,23 Beilfuss Parkway
Adela,Vyvyan,1951-02-04,916-833-1644,2,1,Sacramento,California,6840 Northridge Place
Rockie,Serfati,1996-02-17,225-160-1963,2,1,Baton Rouge,Louisiana,00 Gulseth Park
Dorthea,Cess,2005-09-15,650-253-9774,1,3,Redwood City,California,52669 Rowland Street
Sayre,Cutler,1968-08-23,205-892-5746,1,3,Birmingham,Alabama,12920 Onsgard Plaza
Arte,Manthroppe,2001-09-15,916-463-2446,2,1,Sacramento,California,20220 Bunker Hill Center
Nettie,Delhay,1984-05-25,224-189-3407,2,2,Chicago,Illinois,8 Fairfield Place
Hali,Curtoys,1954-04-24,253-992-7528,2,1,Tacoma,Washington,2 Waywood Crossing
Lorie,Simion,2012-07-12,208-910-3322,2,1,Boise,Idaho,89506 Morningstar Park
Charity,Longridge,1979-02-11,719-559-2092,1,2,Colorado Springs,Colorado,9 Waubesa Plaza
Tamarah,Piddington,1973-03-21,512-908-6826,1,4,Round Rock,Texas,1 Basil Crossing
Eustace,Willshee,1991-01-27,503-409-5027,2,3,Beaverton,Oregon,4 Scoville Place
Dione,Woodcock,1960-04-15,334-963-2958,1,2,Montgomery,Alabama,2 Farragut Hill
Sanson,Bourdon,1973-11-14,719-836-3869,1,4,Pueblo,Colorado,327 Village Junction
Carmella,Milley,2002-06-19,571-783-5522,2,3,Arlington,Virginia,06 Buhler Court
Emmalynn,Arnoll,2018-04-24,830-242-0202,1,4,San Antonio,Texas,985 Hollow Ridge Place
Gasparo,Shanahan,1999-08-17,918-286-5929,2,2,Tulsa,Oklahoma,53 Wayridge Place
Delaney,Habbeshaw,1978-06-17,336-652-2679,1,1,High Point,North Carolina,54 Burning Wood Avenue
Judah,Blaycock,1971-02-08,718-164-3846,2,4,Brooklyn,New York,990 Cascade Avenue
Torr,Jakeman,1968-07-09,704-716-2512,2,2,Charlotte,North Carolina,0 Clyde Gallagher Road
Ingamar,Falkous,1980-10-15,205-233-0197,2,4,Tuscaloosa,Alabama,6 Barnett Trail
Willy,Strettell,2016-12-13,205-896-3961,2,2,Birmingham,Alabama,732 Village Green Terrace
Clementina,Lucy,1999-02-20,303-553-4619,1,2,Denver,Colorado,3 Farwell Road
Ferris,Synnott,2008-07-27,775-100-8297,2,3,Reno,Nevada,34 Sugar Circle
Marielle,Vitler,1979-09-13,719-366-5206,1,3,Colorado Springs,Colorado,1655 Sycamore Avenue
Tedi,Watters,1954-03-21,903-933-8387,2,1,Tyler,Texas,95863 Saint Paul Lane
Bogey,Lilywhite,2015-05-06,260-192-7647,2,1,Fort Wayne,Indiana,26 Cordelia Parkway
Darnall,Powdrell,1988-09-16,262-545-5265,2,3,Milwaukee,Wisconsin,9009 Northport Court
Alexis,Hake,1980-05-25,615-430-3062,2,4,Nashville,Tennessee,331 Mayer Alley
Denni,Gadault,1977-07-26,773-409-3009,1,4,Chicago,Illinois,561 Independence Park
Piper,Shuard,2015-12-03,610-195-5535,2,3,Allentown,Pennsylvania,260 7th Trail
Sheba,Splaven,2016-09-12,260-275-9368,2,1,Fort Wayne,Indiana,23 Killdeer Terrace
Fleur,Buckie,1958-02-19,757-318-3217,2,4,Hampton,Virginia,238 Vernon Hill
Glen,Ferrick,1964-05-11,901-745-6543,2,1,Memphis,Tennessee,11370 Cherokee Trail
Lorine,Dunniom,1988-01-31,916-982-9613,1,4,Sacramento,California,39 Algoma Trail
Lela,Sidnall,1999-01-07,404-157-8933,1,4,Atlanta,Georgia,019 Crownhardt Street
Mariya,Manders,1966-09-03,209-363-8588,2,4,Modesto,California,9381 Burrows Center
Michelle,Dunnaway,1975-12-24,805-974-8325,1,2,Santa Barbara,California,9 Barby Lane
Florina,Beverage,1960-02-14,602-791-1337,1,4,Phoenix,Arizona,28296 Bobwhite Terrace
Lorry,Lemmen,2023-04-09,913-922-8094,2,1,Shawnee Mission,Kansas,3349 Division Lane
Patty,Titford,2007-03-12,816-711-0872,1,1,Kansas City,Missouri,540 Roxbury Circle
Sven,Malsher,1981-11-27,971-608-8043,1,3,Portland,Oregon,560 Hayes Way
Shaylyn,Houltham,1963-07-07,314-801-8789,1,3,Saint Louis,Missouri,94383 Pawling Trail
Edeline,Singers,1990-08-16,682-333-4180,2,2,Fort Worth,Texas,922 Utah Lane
Eirena,Peppin,2003-03-14,832-200-6350,2,1,Houston,Texas,15 Ohio Alley
Jerrylee,Bigham,1995-01-29,717-733-8883,1,2,Harrisburg,Pennsylvania,755 Holmberg Place
Blondy,Trudgion,1974-06-22,229-106-4013,2,4,Albany,Georgia,20790 Orin Place
Alastair,Layne,1999-08-30,601-892-9899,2,4,Jackson,Mississippi,8397 Glacier Hill Road
Martha,Pedroli,1977-10-31,214-207-6889,2,1,Garland,Texas,14 New Castle Junction
Marilyn,Mercy,1954-02-10,240-168-4469,1,3,Hagerstown,Maryland,648 Brentwood Circle
Jennica,Mongain,1999-01-23,314-192-5641,2,1,Saint Louis,Missouri,553 Brickson Park Junction
Lucila,Armatys,1950-05-05,209-412-3173,2,3,Stockton,California,27687 South Center
Ignaz,Langrish,1966-12-20,702-656-9712,1,1,Henderson,Nevada,26472 Duke Trail
Moise,Hanning,1983-09-11,513-573-8899,1,4,Cincinnati,Ohio,53924 Grayhawk Road
Anne,Shimmings,1989-04-14,678-528-9150,2,1,Decatur,Georgia,6 Declaration Hill
Riane,Goggins,1996-01-21,951-619-1747,1,3,Corona,California,16 Del Mar Street
Ingmar,O'Henehan,1980-12-10,816-198-1962,1,4,Kansas City,Missouri,8 Melody Point
Alano,Stranger,1951-12-30,202-280-5196,1,4,Washington,District of Columbia,1 Northridge Parkway
Phebe,Wayman,1975-05-22,423-604-1852,1,2,Johnson City,Tennessee,7 Northridge Hill
Sonja,Gilloran,1972-07-14,757-871-4253,2,3,Hampton,Virginia,39999 Division Trail
Aurie,Domenge,1977-05-30,559-219-0162,2,1,Modesto,California,8 Pepper Wood Drive
Kristyn,Lodder,1995-01-12,704-881-1463,2,4,Gastonia,North Carolina,6717 Spenser Crossing
Daron,Breyt,2009-02-02,917-509-1327,1,3,New York City,New York,2 Dryden Junction
Adham,Hutsby,1956-09-30,203-386-8454,1,2,Bridgeport,Connecticut,560 Sherman Parkway
Antonella,Dignon,1986-06-29,321-429-5856,1,3,Orlando,Florida,59266 Hansons Circle
Jazmin,Souter,2011-08-12,248-492-3680,2,1,Southfield,Michigan,28 Carey Trail
Kennan,Mears,1972-07-10,915-201-8901,2,3,El Paso,Texas,638 Kim Hill
Elsie,Whoolehan,1953-09-17,662-487-5952,1,2,Columbus,Mississippi,23 Pond Way
Alva,Monkeman,1959-09-15,719-455-7867,1,3,Colorado Springs,Colorado,9 1st Junction
Annmarie,Klulicek,2020-11-23,503-509-9748,1,3,Portland,Oregon,7368 Graedel Way
Ewan,Beaney,1981-08-18,336-232-5280,2,2,Greensboro,North Carolina,0202 Crownhardt Terrace
Davidson,Lambourne,1955-01-11,850-268-8243,2,2,Pensacola,Florida,62 Calypso Lane
Lamar,Pachta,1979-11-14,205-506-6338,2,1,Birmingham,Alabama,880 West Plaza
Eberhard,Siggs,2014-02-19,701-538-8555,1,4,Bismarck,North Dakota,86181 Gateway Terrace
Ahmad,Flukes,2006-02-07,408-291-8290,2,2,San Jose,California,44 Amoth Terrace
Marie-ann,Huxstep,1971-04-12,912-760-3103,1,1,Savannah,Georgia,80 Fairfield Road
Bing,Judkins,1987-11-17,213-567-1453,1,3,Los Angeles,California,08 Petterle Street
Tammie,Speechly,1968-10-03,719-258-4972,1,1,Colorado Springs,Colorado,1296 Thackeray Avenue
Jody,Korneichik,1952-03-15,203-538-3987,1,3,New Haven,Connecticut,07770 Eliot Crossing
Oneida,Tullett,1998-06-06,785-677-1627,1,1,Topeka,Kansas,39 Lien Plaza
Ike,Wentworth,2012-03-22,208-942-0992,2,4,Boise,Idaho,572 Crowley Junction
Atlanta,Moohan,1951-04-27,952-768-7021,1,1,Young America,Minnesota,9 Marquette Plaza
Jamie,Rosenzveig,1974-08-14,310-966-5949,1,1,Torrance,California,617 Weeping Birch Alley
Malchy,Napolione,1967-01-13,915-351-3982,1,4,El Paso,Texas,1 Division Crossing
Ximenes,Meake,1976-06-27,410-520-0582,2,4,Baltimore,Maryland,68593 Oak Hill
Barr,Lethley,1962-12-30,812-877-4288,2,2,Evansville,Indiana,19483 Fallview Road
Valaria,Sare,2013-01-10,937-409-3349,1,3,Dayton,Ohio,167 Clyde Gallagher Street
Joyan,McCurtain,1967-10-07,203-335-5034,1,4,Bridgeport,Connecticut,8026 Grover Parkway
Ulrica,Rhodus,2020-06-16,508-179-8912,1,1,Worcester,Massachusetts,1238 Spohn Avenue
Carmella,Lorne,2014-04-25,702-765-8263,2,4,North Las Vegas,Nevada,96723 Michigan Parkway
Haze,Piddle,2012-10-19,302-809-6005,1,4,Wilmington,Delaware,134 Hooker Court
Dee,Dilliway,1977-03-27,305-573-2477,2,2,Miami Beach,Florida,7297 Longview Place
Willdon,Tough,2005-06-28,304-726-7235,1,1,Charleston,West Virginia,69 American Ash Road
Cyrus,McGrann,2010-07-10,904-586-3775,1,2,Jacksonville,Florida,2 Acker Way
Inga,Henriksson,2000-11-16,210-918-4967,2,3,San Antonio,Texas,24480 Calypso Trail
Cahra,Bussy,1966-12-13,202-610-1825,2,3,Washington,District of Columbia,06 Dawn Junction
Cinderella,Exley,1958-09-20,212-843-9707,2,2,New York City,New York,444 Schmedeman Lane
Alonso,O'Geaney,1997-03-02,704-359-9201,2,4,Gastonia,North Carolina,25 Londonderry Crossing
Dede,O'Lennachain,1954-01-11,480-665-7653,1,3,Mesa,Arizona,4 John Wall Avenue
Sibelle,Kilfedder,1955-09-10,601-391-9415,2,2,Jackson,Mississippi,1017 Corben Trail
Walden,Wedgwood,1966-03-05,253-990-6841,1,3,Tacoma,Washington,30633 Veith Circle
Benedict,Belt,1984-06-30,571-278-7975,2,1,Reston,Virginia,032 Eastwood Avenue
Rozanne,Kinzel,1975-02-15,804-494-2562,1,4,Richmond,Virginia,4425 Comanche Drive
Irv,Lillicrop,1957-03-16,803-325-6124,1,1,Columbia,South Carolina,20 Johnson Road
Cynthy,Capstaff,1958-04-05,850-931-0805,1,2,Pensacola,Florida,35525 Waywood Plaza
Jayme,Kohter,2001-09-08,334-835-8988,2,2,Montgomery,Alabama,68478 Cordelia Way
Evonne,Scholte,1995-01-19,212-264-9768,1,4,New York City,New York,68137 Northridge Park
Debi,Gamwell,1968-09-29,502-712-2568,1,2,Louisville,Kentucky,55 Upham Plaza
Kahaleel,Rheam,1952-02-16,314-294-7928,2,3,Saint Louis,Missouri,53683 Moland Court
Kimberly,Wheeliker,1973-07-09,806-873-7030,2,4,Amarillo,Texas,6428 Clarendon Hill
Lisabeth,Tanti,1953-01-05,513-599-7980,1,2,Cincinnati,Ohio,87958 Lukken Road
Yuri,Beahan,1991-02-12,202-113-7379,2,4,Washington,District of Columbia,94057 Stephen Park
Tobe,Tight,1985-06-25,571-225-9134,1,3,Arlington,Virginia,8 Nobel Place
Samantha,Swiggs,1969-12-11,314-205-3473,1,3,Saint Louis,Missouri,129 Melvin Court
Elsi,Birchenhead,1950-10-04,202-581-8257,2,1,Washington,District of Columbia,9 Ruskin Crossing
Lynelle,Thurlby,1987-11-08,213-276-6055,2,3,Los Angeles,California,2 Lillian Alley
Alyssa,Kemball,1977-01-13,682-529-4109,2,1,Fort Worth,Texas,65208 Katie Road
Foss,Cominetti,1993-10-10,513-702-4382,1,3,Cincinnati,Ohio,3 Warbler Drive
Madella,Letty,1970-09-29,661-162-5377,1,4,Palmdale,California,25592 Badeau Court
Buiron,Asquith,1999-07-25,209-750-7194,1,3,Stockton,California,11 Fair Oaks Junction
Allard,Santo,1958-12-30,260-979-6406,2,3,Fort Wayne,Indiana,974 Main Trail
Yolanthe,Churchouse,2002-06-16,573-718-5075,2,2,Jefferson City,Missouri,2 Basil Street
Louise,Ofer,1969-06-17,619-249-8972,2,1,San Diego,California,07 Tennyson Plaza
Burnard,Clyma,1956-09-13,267-438-8256,1,2,Levittown,Pennsylvania,515 Eggendart Drive
Rhonda,Goacher,1979-08-04,626-468-3003,1,3,Pasadena,California,3862 Blaine Junction
Ewen,Ranscome,1970-12-20,202-273-8281,2,3,Washington,District of Columbia,825 Debra Avenue
Flinn,Roze,1988-09-21,765-145-4112,1,3,Anderson,Indiana,3 Oneill Parkway
Crin,Dempsey,2008-01-09,217-440-6250,1,2,Champaign,Illinois,1854 Dexter Place
Ira,Dincey,1971-07-01,859-576-5169,1,1,Lexington,Kentucky,4 Hollow Ridge Plaza
Charil,Shedd,1980-10-06,423-282-4816,1,1,Kingsport,Tennessee,9 Mendota Pass
Mary,Eberts,1962-01-12,512-476-0556,1,1,Austin,Texas,8015 New Castle Hill
Christina,Tattershall,2004-01-19,602-294-3457,2,3,Scottsdale,Arizona,49 Alpine Road
Ivy,Syversen,1992-05-18,205-202-1689,1,2,Birmingham,Alabama,3898 American Ash Parkway
Oralie,Bolden,2009-01-30,212-300-6332,1,2,New York City,New York,08952 Lotheville Pass
Stillmann,Olner,1968-12-03,816-207-6405,1,1,Kansas City,Kansas,73817 Marquette Hill
Myron,Gaydon,1965-06-29,904-159-0087,2,4,Jacksonville,Florida,982 Rusk Circle
Marje,Arminger,1973-05-03,562-881-4949,2,1,Whittier,California,93616 Mallard Trail
Hyacinthie,Escreet,1966-05-31,202-276-6817,1,4,Washington,District of Columbia,2865 Emmet Road
Abeu,Luffman,2003-05-29,202-759-8327,2,4,Washington,District of Columbia,58099 Village Green Way
Gottfried,Bertenshaw,1973-05-29,757-915-4309,1,2,Virginia Beach,Virginia,3 Fuller Circle
Deborah,Zold,2019-05-26,828-758-8745,1,3,Asheville,North Carolina,4196 Amoth Hill
Shaine,McGaughay,2014-11-17,760-678-7035,2,3,Oceanside,California,5 Scoville Road
Lula,Godmar,2022-03-17,404-796-9452,1,1,Atlanta,Georgia,30 Claremont Pass
Molly,Cawley,1979-01-17,626-193-3470,2,2,Pasadena,California,85831 Atwood Drive
Asa,Harridge,1966-07-05,305-195-6971,1,4,Miami,Florida,50 American Ash Drive
Revkah,Rawcliffe,2011-12-01,937-752-3470,2,1,Dayton,Ohio,94 Crest Line Alley
Bernadette,Lammiman,2019-06-07,215-739-5399,2,1,Philadelphia,Pennsylvania,15 Graedel Court
Alidia,Longhirst,1975-11-09,503-270-0185,1,3,Portland,Oregon,70940 Chive Place
Jackelyn,Juhruke,2021-06-16,540-945-8149,1,3,Roanoke,Virginia,85219 Ridgeview Hill
Lucinda,Tregea,1991-07-07,786-678-4851,1,1,Miami,Florida,23 Blue Bill Park Place
Paula,Clemson,1976-11-03,918-431-7727,1,1,Tulsa,Oklahoma,56 Marquette Alley
Jarrad,Linch,2016-06-04,941-294-5201,1,1,Port Charlotte,Florida,757 Arkansas Circle
Nan,Senechault,1952-05-13,423-201-3579,1,1,Chattanooga,Tennessee,2 Swallow Alley
Rafaela,Conaghan,1988-10-05,605-494-4619,2,2,Sioux Falls,South Dakota,495 Brentwood Place
Rakel,O'Dougherty,1969-11-21,251-871-6651,1,2,Mobile,Alabama,109 Kensington Way
Darcy,Rove,1967-12-02,702-894-8264,1,1,Las Vegas,Nevada,4733 Old Gate Circle
Evan,Houltham,1992-03-16,805-408-5443,2,1,San Luis Obispo,California,31221 Lotheville Court
Desiree,Bandy,1980-08-25,512-757-5528,1,4,Austin,Texas,1003 Oxford Avenue
Donn,Barwood,1958-02-04,561-500-7873,2,3,Lake Worth,Florida,3218 Jenna Lane
Arvie,Guillot,2002-03-06,917-102-7793,1,3,New York City,New York,9532 Farmco Point
Myer,Broun,2017-10-22,303-696-0854,2,4,Littleton,Colorado,5467 Hanson Parkway
Kathlin,Gumby,1957-04-22,901-737-8823,2,2,Memphis,Tennessee,45 Colorado Trail
Barbi,O'Neary,1953-10-24,713-448-3478,1,1,Houston,Texas,90725 Aberg Way
Lena,Swansborough,1983-03-04,813-214-1504,1,2,Tampa,Florida,69 Dapin Alley
Arne,Staresmeare,1977-03-14,952-851-7481,1,3,Young America,Minnesota,24 Gulseth Street
Wendie,Alam,1951-07-25,425-512-7620,2,3,Seattle,Washington,69689 Orin Pass
Gina,Sturrock,2012-01-17,786-366-5366,1,4,Miami,Florida,4544 Green Parkway
Sheilah,Studdeard,1992-02-04,209-292-9746,1,2,Stockton,California,580 Crownhardt Point
Maisie,Gorhardt,1976-06-18,859-875-4225,2,2,Lexington,Kentucky,03 Anniversary Court
Noland,Tour,2020-11-16,720-558-8163,1,2,Denver,Colorado,809 Spenser Park
Peggi,Nuton,1958-02-27,217-557-3110,1,1,Decatur,Illinois,9904 Monterey Center
Doloritas,Girodias,1962-09-22,303-955-5812,1,4,Denver,Colorado,66 Nancy Drive
Blakelee,Haslam,2005-11-05,614-445-0925,2,3,Columbus,Ohio,2 Cordelia Court
Aloin,Skirven,1994-09-24,615-332-4557,2,3,Nashville,Tennessee,8630 Straubel Plaza
Gearard,Snadden,1978-03-28,913-508-4268,1,3,Shawnee Mission,Kansas,5 Becker Avenue
Sharline,Brydell,1974-09-17,804-203-8919,2,1,Richmond,Virginia,8334 Commercial Way
Cybil,Novakovic,1985-10-13,717-430-4349,2,1,York,Pennsylvania,286 Esker Avenue
Ad,Stolworthy,1954-08-23,734-674-0286,1,1,Detroit,Michigan,04300 Buhler Circle
Leonhard,Seers,1977-12-10,619-410-8507,1,2,San Diego,California,17374 Cardinal Street
Harlen,Zarb,1982-06-03,813-161-9028,2,4,Tampa,Florida,70839 Monument Terrace
Leonora,Slidders,1990-04-11,763-301-6140,1,4,Monticello,Minnesota,220 Bultman Hill
Daphne,Natwick,2021-06-01,571-334-7294,2,1,Fairfax,Virginia,20 Bayside Junction
Delphine,Janacek,1975-01-10,812-710-4320,1,2,Terre Haute,Indiana,2196 Kensington Hill
Marieann,Reeders,2008-04-04,626-799-4008,1,4,Pasadena,California,24 Heath Terrace
Sophie,Nowick,1964-06-16,917-745-1559,2,1,New York City,New York,29149 Bonner Alley
Ashia,Crapper,1981-01-18,229-749-6155,2,4,Valdosta,Georgia,38580 Kropf Parkway
Olympia,Freezer,2008-01-24,614-792-7713,2,1,Columbus,Ohio,6808 Raven Alley
Justin,Eskell,1974-04-12,413-376-1301,2,2,Springfield,Massachusetts,2080 Pearson Court
Dorice,Sharnock,1961-08-06,651-544-3308,2,3,Saint Paul,Minnesota,730 Canary Park
Jordanna,Earpe,1998-05-20,206-865-7711,1,2,Seattle,Washington,7384 Fieldstone Trail
Norah,Paszek,1950-09-20,810-768-0561,1,2,Flint,Michigan,6183 Sundown Crossing
Davine,Cecchetelli,1981-07-10,253-347-2604,2,4,Tacoma,Washington,581 Fairfield Crossing
Germaine,Dayley,2021-01-08,405-287-2713,1,3,Oklahoma City,Oklahoma,71 Division Road
Gradeigh,Smail,1952-11-24,713-658-9663,2,1,Houston,Texas,91 Mifflin Avenue
Prue,Exelby,1990-10-05,706-595-6226,1,3,Augusta,Georgia,7406 Hollow Ridge Parkway
Tadio,Matveyev,2003-09-22,201-800-5091,2,2,Jersey City,New Jersey,34531 Thierer Court
Dannie,Tabary,1989-04-04,205-754-0583,2,4,Birmingham,Alabama,7 Talmadge Lane
Odelle,Lieber,1961-06-29,701-813-3963,1,3,Grand Forks,North Dakota,0167 Maryland Parkway
Charita,Harken,1989-06-23,617-789-5427,1,2,Lynn,Massachusetts,32734 Stang Street
Eugenie,Govan,1994-08-22,979-101-0667,1,1,Bryan,Texas,92502 Boyd Alley
Jasmine,Pyke,1956-02-14,336-667-0833,1,2,Greensboro,North Carolina,2926 4th Road
Zerk,Seys,1953-07-11,352-745-4637,1,4,Gainesville,Florida,25 Forest Dale Place
Adah,Zottoli,1987-05-20,330-849-6758,1,3,Canton,Ohio,637 Menomonie Circle
Jo ann,Drewes,1978-09-30,203-707-1767,1,3,Danbury,Connecticut,4956 Huxley Pass
Morey,Van der Hoeven,1960-06-09,305-378-2561,2,1,Miami,Florida,7 Haas Circle
Meredeth,Sinyard,1981-08-20,704-882-1968,2,4,Charlotte,North Carolina,1 Golf Course Road
Stacey,Clarricoates,2020-04-02,323-755-8864,2,3,Los Angeles,California,6925 Sundown Hill
Mandy,Kleinzweig,1974-09-02,614-751-9790,2,2,Columbus,Ohio,29 Anthes Crossing
Claiborne,Crewther,1975-08-23,720-730-0912,2,1,Denver,Colorado,9598 Annamark Plaza
Gallagher,Lidyard,1967-05-17,415-920-6480,2,2,San Francisco,California,64601 Karstens Crossing
Rafa,Colafate,1953-01-18,302-355-0595,1,4,Newark,Delaware,60 Clyde Gallagher Terrace
Starr,Creek,1958-03-21,915-512-1972,2,3,El Paso,Texas,75 Nevada Circle
Flora,Fryatt,1954-09-10,810-118-3185,1,2,Flint,Michigan,4 Bartelt Street
Bernadette,McGlynn,1955-02-05,903-614-6316,1,1,Tyler,Texas,5142 Dakota Place
Wolfgang,Velez,1950-11-28,315-301-5646,1,4,Utica,New York,53 Clyde Gallagher Court
Northrup,Skeleton,1984-04-12,717-959-4709,1,1,Harrisburg,Pennsylvania,34493 Erie Crossing
Dorothy,Ableson,1998-02-07,202-899-4713,1,3,Washington,District of Columbia,4 Shopko Terrace
Jessamine,Saltwell,1953-10-08,202-946-8978,2,2,Washington,District of Columbia,95 Weeping Birch Alley
Lorenza,Cromer,1968-05-25,808-984-0783,1,1,Honolulu,Hawaii,483 American Ash Road
Ivett,Cavozzi,1980-03-11,703-206-9095,1,2,Alexandria,Virginia,80 Westend Crossing
Bel,Larwell,1964-02-12,202-994-1864,1,4,Washington,District of Columbia,89 Jackson Park
Celisse,FitzGilbert,1951-09-29,856-987-7047,2,4,Camden,New Jersey,5 Ronald Regan Drive
Talya,Edney,2003-11-13,724-966-3450,1,4,New Castle,Pennsylvania,3 Northwestern Avenue
Abbot,Spittall,1994-11-25,949-933-3635,1,4,Orange,California,9 Oak Circle
Banky,Videneev,1978-09-07,862-479-2993,2,2,Newark,New Jersey,0240 Bartillon Hill
Meyer,Becket,2021-11-04,757-857-7285,2,3,Portsmouth,Virginia,49149 Bluejay Junction
Roger,Messager,1995-09-06,727-354-9071,2,3,Saint Petersburg,Florida,597 Londonderry Street
Lanae,Madden,1950-01-25,602-843-4201,2,1,Phoenix,Arizona,01029 Annamark Lane
Willi,Klimowski,1962-06-21,512-241-0569,2,4,Round Rock,Texas,3 Hazelcrest Plaza
Dov,Bristow,1978-04-07,602-128-6973,1,3,Mesa,Arizona,11 Kropf Avenue
Misty,Hendrix,1987-05-26,202-169-9436,1,3,Washington,District of Columbia,7 Aberg Way
Mandel,O'Brollachain,2022-06-01,773-924-4743,1,3,Chicago,Illinois,1298 Briar Crest Terrace
Godfree,McTeer,2019-09-28,727-680-0063,2,2,Clearwater,Florida,62 Orin Park
Bjorn,Pechacek,1977-06-21,763-218-6813,2,2,Minneapolis,Minnesota,76127 Paget Court
Abra,Hazelton,2006-02-28,806-799-1046,1,4,Amarillo,Texas,1 Kensington Street
Zitella,de Merida,1950-04-26,915-502-0386,1,2,El Paso,Texas,71744 Onsgard Crossing
Amabel,Matherson,1979-10-14,214-481-4777,1,2,Dallas,Texas,2499 Warbler Hill
Falkner,Fewell,1975-10-30,770-833-1386,1,3,Atlanta,Georgia,20 Gerald Junction
Harrison,Ilem,1969-09-08,303-405-6401,1,4,Denver,Colorado,43260 Eggendart Hill
Mahmoud,Vautre,1980-12-02,816-222-0027,2,3,Saint Joseph,Missouri,6 Acker Court
Nathanial,Correa,1971-07-31,256-683-4170,1,3,Huntsville,Alabama,1 Hansons Place
Ludwig,Pocknell,1997-12-15,650-215-2631,2,2,Palo Alto,California,28 Dwight Crossing
Costa,Renvoys,1988-11-20,303-512-1459,1,2,Denver,Colorado,9 Burning Wood Court
Claiborne,Bernakiewicz,2018-06-10,334-550-3114,2,3,Montgomery,Alabama,54 Warner Parkway
Free,Bartosik,1962-03-03,617-426-9072,2,3,Boston,Massachusetts,537 Nevada Terrace
Tatum,Agg,1990-05-18,859-806-1683,2,2,Lexington,Kentucky,1039 Prairieview Crossing
Normie,Taffurelli,1998-03-19,561-505-9939,1,2,Boca Raton,Florida,2 Fordem Street
Jaimie,Lesley,2018-09-24,704-648-6318,1,1,Charlotte,North Carolina,80602 Killdeer Trail
Way,Coddington,1973-10-30,202-960-4589,1,3,Washington,District of Columbia,07739 Morningstar Road
Grange,Whoston,2022-08-27,202-548-0545,2,3,Washington,District of Columbia,86593 Columbus Park
Tomkin,Shegog,1956-12-23,512-168-3089,1,4,Austin,Texas,553 Sauthoff Circle
Juana,MacTimpany,1950-11-10,269-590-6055,1,2,Kalamazoo,Michigan,1 Vermont Hill
Tristan,Karim,2011-06-06,412-947-1473,1,3,Pittsburgh,Pennsylvania,326 Daystar Park
Gayle,Kayne,1952-07-09,408-784-6330,2,4,San Jose,California,1 Cardinal Avenue
Blakelee,Beggin,1950-11-13,502-377-5813,1,1,Louisville,Kentucky,26 Kedzie Point
Lem,Stenet,2010-03-02,402-823-4435,2,4,Lincoln,Nebraska,306 Hallows Park
Mort,Hymor,2013-06-25,602-162-9760,2,4,Glendale,Arizona,37 Loomis Pass
Ruthi,Linbohm,1970-02-02,702-379-3855,2,3,Las Vegas,Nevada,8 Mandrake Pass
Shaughn,Hoodlass,2000-11-07,602-446-6205,1,2,Scottsdale,Arizona,1915 Goodland Way
Cristina,Cadden,2023-03-11,201-344-5789,1,1,Jersey City,New Jersey,7 Glendale Point
Clyde,Patley,1974-01-03,816-869-9801,1,3,Kansas City,Missouri,7947 Lawn Place
Hilly,Brotherhead,2021-12-10,434-245-9441,2,2,Lynchburg,Virginia,46 Fairview Plaza
Clerc,Dubble,1955-12-22,816-918-2137,1,3,Independence,Missouri,2 Florence Park
Kori,Crimes,1957-08-24,206-956-5654,1,2,Seattle,Washington,306 Express Park
Kippie,Minett,1950-11-18,414-396-5718,2,4,Milwaukee,Wisconsin,796 Harbort Plaza
Glendon,O'Dooghaine,1992-08-04,801-922-3005,1,3,Provo,Utah,34 Killdeer Center
